tanggal,nama_logam,harga
2019-01-02,GOLD,665000
2019-01-03,GOLD,667000
2019-01-04,GOLD,672000
2019-01-05,GOLD,664000
2019-01-07,GOLD,664000
2019-01-08,GOLD,660000
2019-01-09,GOLD,657000
2019-01-10,GOLD,662000
2019-01-11,GOLD,660000
2019-01-12,GOLD,660000
2019-01-14,GOLD,660000
2019-01-15,GOLD,660000
2019-01-16,GOLD,661000
2019-01-17,GOLD,663000
2019-01-18,GOLD,663000
2019-01-21,GOLD,661000
2019-01-22,GOLD,660000
2019-01-23,GOLD,662000
2019-01-24,GOLD,660000
2019-01-25,GOLD,658000
2019-01-26,GOLD,668000
2019-01-28,GOLD,666000
2019-01-29,GOLD,663000
2019-01-30,GOLD,667000
2019-01-31,GOLD,671000
2019-02-01,GOLD,670000
2019-02-04,GOLD,666000
2019-02-06,GOLD,666000
2019-02-07,GOLD,663000
2019-02-08,GOLD,665000
2019-02-09,GOLD,666000
2019-02-11,GOLD,666000
2019-02-12,GOLD,664000
2019-02-13,GOLD,667000
2019-02-14,GOLD,664000
2019-02-15,GOLD,668000
2019-02-16,GOLD,672000
2019-02-18,GOLD,671000
2019-02-19,GOLD,674000
2019-02-20,GOLD,680000
2019-02-21,GOLD,677000
2019-02-22,GOLD,673000
2019-02-23,GOLD,675000
2019-02-25,GOLD,674000
2019-02-26,GOLD,671000
2019-02-27,GOLD,670000
2019-02-28,GOLD,665000
2019-03-01,GOLD,664000
2019-03-02,GOLD,660000
2019-03-04,GOLD,656500
2019-03-05,GOLD,656000
2019-03-06,GOLD,656500
2019-03-08,GOLD,655500
2019-03-09,GOLD,660000
2019-03-11,GOLD,663500
2019-03-12,GOLD,665000
2019-03-13,GOLD,670000
2019-03-14,GOLD,671000
2019-03-15,GOLD,666000
2019-03-16,GOLD,671000
2019-03-18,GOLD,669500
2019-03-19,GOLD,666500
2019-03-20,GOLD,667500
2019-03-21,GOLD,671000
2019-03-22,GOLD,663000
2019-03-23,GOLD,667000
2019-03-25,GOLD,666000
2019-03-26,GOLD,672000
2019-03-27,GOLD,667000
2019-03-28,GOLD,665000
2019-04-01,GOLD,660000
2019-04-02,GOLD,660000
2019-04-04,GOLD,661000
2019-04-05,GOLD,660500
2019-04-06,GOLD,660500
2019-04-08,GOLD,660500
2019-04-09,GOLD,662000
2019-04-10,GOLD,663500
2019-04-11,GOLD,664500
2019-04-12,GOLD,660000
2019-04-13,GOLD,659500
2019-04-15,GOLD,660000
2019-04-16,GOLD,657500
2019-04-18,GOLD,656000
2019-04-20,GOLD,656000
2019-04-22,GOLD,656000
2019-04-23,GOLD,656000
2019-04-24,GOLD,656000
2019-04-25,GOLD,658000
2019-04-26,GOLD,661000
2019-04-27,GOLD,664500
2019-04-29,GOLD,664000
2019-04-30,GOLD,661500
2019-05-02,GOLD,661000
2019-05-03,GOLD,660000
2019-05-04,GOLD,665000
2019-05-06,GOLD,664000
2019-05-07,GOLD,665000
2019-05-08,GOLD,665500
2019-05-09,GOLD,662000
2019-05-10,GOLD,664000
2019-05-11,GOLD,664000
2019-05-13,GOLD,664500
2019-05-14,GOLD,669000
2019-05-15,GOLD,669000
2019-05-16,GOLD,669000
2019-05-17,GOLD,665000
2019-05-18,GOLD,663000
2019-05-20,GOLD,663000
2019-05-21,GOLD,663000
2019-05-22,GOLD,662000
2019-05-23,GOLD,662000
2019-05-24,GOLD,666000
2019-05-27,GOLD,665000
2019-05-28,GOLD,662000
2019-05-29,GOLD,662000
2019-05-31,GOLD,662000
2019-06-10,GOLD,681000
2019-06-11,GOLD,673000
2019-06-12,GOLD,673000
2019-06-13,GOLD,675000
2019-06-14,GOLD,681000
2019-06-15,GOLD,681000
2019-06-17,GOLD,679000
2019-06-18,GOLD,682000
2019-06-19,GOLD,684000
2019-06-20,GOLD,694000
2019-06-21,GOLD,702000
2019-06-22,GOLD,699000
2019-06-24,GOLD,702500
2019-06-25,GOLD,713000
2019-06-26,GOLD,709000
2019-06-27,GOLD,707000
2019-06-28,GOLD,711000
2019-06-29,GOLD,705000
2019-07-01,GOLD,699000
2019-07-02,GOLD,694000
2019-07-03,GOLD,714000
2019-07-04,GOLD,711000
2019-07-05,GOLD,709000
2019-07-06,GOLD,701000
2019-07-08,GOLD,700000
2019-07-09,GOLD,699000
2019-07-10,GOLD,699000
2019-07-11,GOLD,711000
2019-07-12,GOLD,701000
2019-07-13,GOLD,706000
2019-07-15,GOLD,706000
2019-07-16,GOLD,702000
2019-07-17,GOLD,697000
2019-07-18,GOLD,705000
2019-07-19,GOLD,714000
2019-07-20,GOLD,703000
2019-07-22,GOLD,704000
2019-07-23,GOLD,705000
2019-07-24,GOLD,703000
2019-07-25,GOLD,708000
2019-07-26,GOLD,702000
2019-07-27,GOLD,704000
2019-07-29,GOLD,705000
2019-07-30,GOLD,707000
2019-07-31,GOLD,711000
2019-08-01,GOLD,702500
2019-08-02,GOLD,717000
2019-08-03,GOLD,722000
2019-08-05,GOLD,724000
2019-08-06,GOLD,739000
2019-08-07,GOLD,746000
2019-08-08,GOLD,753000
2019-08-09,GOLD,752000
2019-08-10,GOLD,747000
2019-08-12,GOLD,749000
2019-08-13,GOLD,755000
2019-08-14,GOLD,754000
2019-08-15,GOLD,759000
2019-08-16,GOLD,766000
2019-08-17,GOLD,759000
2019-08-19,GOLD,757000
2019-08-20,GOLD,749000
2019-08-21,GOLD,756000
2019-08-22,GOLD,755000
2019-08-23,GOLD,751000
2019-08-24,GOLD,765000
2019-08-26,GOLD,774000
2019-08-27,GOLD,766500
2019-08-28,GOLD,772000
2019-08-29,GOLD,771000
2019-08-30,GOLD,766000
2019-08-31,GOLD,763000
2019-09-02,GOLD,768000
2019-09-03,GOLD,765000
2019-09-04,GOLD,775000
2019-09-05,GOLD,775000
2019-09-06,GOLD,765000
2019-09-07,GOLD,759000
2019-09-09,GOLD,758000
2019-09-10,GOLD,754000
2019-09-11,GOLD,751000
2019-09-12,GOLD,752000
2019-09-13,GOLD,753000
2019-09-14,GOLD,745000
2019-09-16,GOLD,753000
2019-09-17,GOLD,753000
2019-09-18,GOLD,757000
2019-09-19,GOLD,752000
2019-09-20,GOLD,756000
2019-09-21,GOLD,763000
2019-09-23,GOLD,762000
2019-09-24,GOLD,765000
2019-09-25,GOLD,769000
2019-09-26,GOLD,762000
2019-09-27,GOLD,762000
2019-09-28,GOLD,761000
2019-09-30,GOLD,761000
2019-10-01,GOLD,751000
2019-10-02,GOLD,755000
2019-10-03,GOLD,762000
2019-10-04,GOLD,764000
2019-10-05,GOLD,761000
2019-10-07,GOLD,761000
2019-10-08,GOLD,756000
2019-10-09,GOLD,762000
2019-10-10,GOLD,766000
2019-10-11,GOLD,758000
2019-10-12,GOLD,756000
2019-10-14,GOLD,754000
2019-10-15,GOLD,756000
2019-10-16,GOLD,752000
2019-10-17,GOLD,758000
2019-10-18,GOLD,758000
2019-10-19,GOLD,756000
2019-10-21,GOLD,756000
2019-10-22,GOLD,752000
2019-10-23,GOLD,751000
2019-10-24,GOLD,752000
2019-10-25,GOLD,754000
2019-10-26,GOLD,757000
2019-10-28,GOLD,757000
2019-10-29,GOLD,752000
2019-10-30,GOLD,751000
2019-10-31,GOLD,755000
2019-11-01,GOLD,764000
2019-11-02,GOLD,764000
2019-11-04,GOLD,763000
2019-11-05,GOLD,758000
2019-11-06,GOLD,750000
2019-11-07,GOLD,750000
2019-11-08,GOLD,745000
2019-11-09,GOLD,741000
2019-11-11,GOLD,742000
2019-11-12,GOLD,741000
2019-11-13,GOLD,743000
2019-11-14,GOLD,746000
2019-11-15,GOLD,748000
2019-11-16,GOLD,747000
2019-11-18,GOLD,748000
2019-11-19,GOLD,749000
2019-11-20,GOLD,751000
2019-11-21,GOLD,751000
2019-11-22,GOLD,748000
2019-11-23,GOLD,747000
2019-11-25,GOLD,747000
2019-11-26,GOLD,743000
2019-11-27,GOLD,745000
2019-11-28,GOLD,744000
2019-11-29,GOLD,744000
2019-11-30,GOLD,747000
2019-12-02,GOLD,746000
2019-12-03,GOLD,747000
2019-12-04,GOLD,753000
2019-12-05,GOLD,752000
2019-12-06,GOLD,751000
2019-12-07,GOLD,747000
2019-12-09,GOLD,744000
2019-12-10,GOLD,743000
2019-12-11,GOLD,744000
2019-12-12,GOLD,750000
2019-12-13,GOLD,746000
2019-12-14,GOLD,750000
2019-12-16,GOLD,749000
2019-12-17,GOLD,751000
2019-12-18,GOLD,752000
2019-12-19,GOLD,751000
2019-12-20,GOLD,751000
2019-12-21,GOLD,752000
2019-12-23,GOLD,752000
2019-12-26,GOLD,758000
2019-12-27,GOLD,762000
2019-12-30,GOLD,762000
2020-01-02,GOLD,762000
2020-01-03,GOLD,766000
2020-01-04,GOLD,774000
2020-01-06,GOLD,783000
2020-01-07,GOLD,784000
2020-01-08,GOLD,799000
2020-01-09,GOLD,782000
2020-01-10,GOLD,777000
2020-01-11,GOLD,780000
2020-01-13,GOLD,778000
2020-01-14,GOLD,767000
2020-01-15,GOLD,767000
2020-01-16,GOLD,772000
2020-01-17,GOLD,768000
2020-01-18,GOLD,770000
2020-01-20,GOLD,769000
2020-01-21,GOLD,771000
2020-01-22,GOLD,769000
2020-01-23,GOLD,772000
2020-01-24,GOLD,768000
2020-01-27,GOLD,774000
2020-01-28,GOLD,774000
2020-01-29,GOLD,771000
2020-01-30,GOLD,774000
2020-01-31,GOLD,774000
2020-02-01,GOLD,781000
2020-02-03,GOLD,779000
2020-02-04,GOLD,778000
2020-02-05,GOLD,771000
2020-02-06,GOLD,770000
2020-02-07,GOLD,772000
2020-02-10,GOLD,775000
2020-02-11,GOLD,776000
2020-02-12,GOLD,774000
2020-02-13,GOLD,774000
2020-02-14,GOLD,777000
2020-02-15,GOLD,780000
2020-02-17,GOLD,779000
2020-02-18,GOLD,779000
2020-02-19,GOLD,783000
2020-02-20,GOLD,788000
2020-02-21,GOLD,793000
2020-02-22,GOLD,804000
2020-02-24,GOLD,809000
2020-02-25,GOLD,809000
2020-02-26,GOLD,808000
2020-02-27,GOLD,813000
2020-02-28,GOLD,816000
2020-02-29,GOLD,806000
2020-03-02,GOLD,810000
2020-03-03,GOLD,815000
2020-03-04,GOLD,827000
2020-03-05,GOLD,822000
2020-03-06,GOLD,837000
2020-03-07,GOLD,842000
2020-03-09,GOLD,851000
2020-03-10,GOLD,842000
2020-03-11,GOLD,839000
2020-03-12,GOLD,831000
2020-03-13,GOLD,812000
2020-03-14,GOLD,809000
2020-03-16,GOLD,819000
2020-03-17,GOLD,801000
2020-03-18,GOLD,826000
2020-03-19,GOLD,814000
2020-03-20,GOLD,824000
2020-03-21,GOLD,870000
2020-03-22,GOLD,870000
2020-03-23,GOLD,861000
2020-03-24,GOLD,919000
2020-03-26,GOLD,924000
2020-03-27,GOLD,924000
2020-03-30,GOLD,926000
2020-03-31,GOLD,924000
2020-04-01,GOLD,911000
2020-04-02,GOLD,918000
2020-04-03,GOLD,944000
2020-04-04,GOLD,934000
2020-04-06,GOLD,931000
2020-04-07,GOLD,963000
2020-04-08,GOLD,946000
2020-04-09,GOLD,938000
2020-04-11,GOLD,951000
2020-04-13,GOLD,952000
2020-04-14,GOLD,948000
2020-04-15,GOLD,943000
2020-04-16,GOLD,939000
2020-04-17,GOLD,942000
2020-04-18,GOLD,927000
2020-04-20,GOLD,917000
2020-04-21,GOLD,924000
2020-04-22,GOLD,928000
2020-04-23,GOLD,934000
2020-04-24,GOLD,944000
2020-04-25,GOLD,943000
2020-04-27,GOLD,939000
2020-04-28,GOLD,935000
2020-04-29,GOLD,928000
2020-04-30,GOLD,928000
2020-05-02,GOLD,916000
2020-05-04,GOLD,914000
2020-05-05,GOLD,913000
2020-05-06,GOLD,913000
2020-05-08,GOLD,918000
2020-05-09,GOLD,911000
2020-05-11,GOLD,911000
2020-05-12,GOLD,903000
2020-05-13,GOLD,908000
2020-05-14,GOLD,910000
2020-05-15,GOLD,917000
2020-05-16,GOLD,919000
2020-05-18,GOLD,934000
2020-05-19,GOLD,924000
2020-05-20,GOLD,926000
2020-05-22,GOLD,916000
2020-05-26,GOLD,917000
2020-05-27,GOLD,909000
2020-05-28,GOLD,908000
2020-05-29,GOLD,913000
2020-05-30,GOLD,914000
2020-06-02,GOLD,920000
2020-06-03,GOLD,904000
2020-06-04,GOLD,887000
2020-06-05,GOLD,888000
2020-06-06,GOLD,876000
2020-06-08,GOLD,876000
2020-06-09,GOLD,875000
2020-06-10,GOLD,881000
2020-06-11,GOLD,893000
2020-06-12,GOLD,886000
2020-06-13,GOLD,900000
2020-06-15,GOLD,902000
2020-06-16,GOLD,898000
2020-06-17,GOLD,895000
2020-06-18,GOLD,900000
2020-06-19,GOLD,895000
2020-06-20,GOLD,905000
2020-06-22,GOLD,907000
2020-06-23,GOLD,908000
2020-06-24,GOLD,916000
2020-06-25,GOLD,907000
2020-06-26,GOLD,910000
2020-06-27,GOLD,912000
2020-06-29,GOLD,911000
2020-06-30,GOLD,918000
2020-07-01,GOLD,919000
2020-07-02,GOLD,915000
2020-07-03,GOLD,928000
2020-07-04,GOLD,930000
2020-07-06,GOLD,931000
2020-07-07,GOLD,934000
2020-07-08,GOLD,934000
2020-07-09,GOLD,940000
2020-07-10,GOLD,937000
2020-07-11,GOLD,937000
2020-07-13,GOLD,938000
2020-07-14,GOLD,938000
2020-07-15,GOLD,942000
2020-07-16,GOLD,949000
2020-07-17,GOLD,944000
2020-07-18,GOLD,956000
2020-07-20,GOLD,956000
2020-07-21,GOLD,963000
2020-07-22,GOLD,982000
2020-07-23,GOLD,977000
2020-07-24,GOLD,984000
2020-07-25,GOLD,989000
2020-07-27,GOLD,997000
2020-07-28,GOLD,1022000
2020-07-29,GOLD,1013000
2020-07-30,GOLD,1016000
2020-08-01,GOLD,1028000
2020-08-03,GOLD,1028000
2020-08-04,GOLD,1029000
2020-08-05,GOLD,1048000
2020-08-06,GOLD,1054000
2020-08-07,GOLD,1065000
2020-08-08,GOLD,1055000
2020-08-10,GOLD,1054000
2020-08-11,GOLD,1056000
2020-08-12,GOLD,1026000
2020-08-13,GOLD,1028000
2020-08-14,GOLD,1040000
2020-08-15,GOLD,1035000
2020-08-16,GOLD,1035000
2020-08-17,GOLD,1030000
2020-08-18,GOLD,1050000
2020-08-19,GOLD,1058000
2020-08-20,GOLD,1030000
2020-08-21,GOLD,1031000
2020-08-22,GOLD,1027000
2020-08-23,GOLD,1027000
2020-08-24,GOLD,1023000
2020-08-25,GOLD,1021000
2020-08-26,GOLD,1011000
2020-08-27,GOLD,1019000
2020-08-28,GOLD,1012000
2020-08-29,GOLD,1027000
2020-08-30,GOLD,1027000
2020-08-31,GOLD,1030000
2020-09-01,GOLD,1026000
2020-09-02,GOLD,1024000
2020-09-03,GOLD,1024000
2020-09-04,GOLD,1021000
2020-09-05,GOLD,1020000
2020-09-06,GOLD,1020000
2020-09-07,GOLD,1020000
2020-09-08,GOLD,1015000
2020-09-09,GOLD,1017000
2020-09-10,GOLD,1027000
2020-09-11,GOLD,1028000
2020-09-12,GOLD,1031000
2020-09-13,GOLD,1031000
2020-09-14,GOLD,1031000
2020-09-15,GOLD,1037000
2020-09-16,GOLD,1030000
2020-09-17,GOLD,1030000
2020-09-18,GOLD,1030000
2020-09-19,GOLD,1023000
2020-09-21,GOLD,1024000
2020-09-22,GOLD,1009000
2020-09-23,GOLD,1007000
2020-09-24,GOLD,1002000
2020-09-25,GOLD,1009000
2020-09-26,GOLD,1006000
2020-09-28,GOLD,1006000
2020-09-29,GOLD,1014000
2020-09-30,GOLD,1016000
2020-10-01,GOLD,1013000
2020-10-02,GOLD,1015000
2020-10-03,GOLD,1014000
2020-10-04,GOLD,1014000
2020-10-05,GOLD,1015000
2020-10-06,GOLD,1017000
2020-10-07,GOLD,999000
2020-10-08,GOLD,1004000
2020-10-09,GOLD,1007000
2020-10-10,GOLD,1019000
2020-10-11,GOLD,1019000
2020-10-12,GOLD,1017000
2020-10-13,GOLD,1015000
2020-10-14,GOLD,1007000
2020-10-15,GOLD,1009000
2020-10-16,GOLD,1011000
2020-10-17,GOLD,1008000
2020-10-19,GOLD,1008000
2020-10-20,GOLD,1008000
2020-10-21,GOLD,1012000
2020-10-22,GOLD,1011000
2020-10-23,GOLD,1007000
2020-10-24,GOLD,1008000
2020-10-25,GOLD,1008000
2020-10-26,GOLD,1007000
2020-10-27,GOLD,1007000
2020-10-28,GOLD,1007000
2020-10-29,GOLD,995000
2020-10-30,GOLD,992000
2020-10-31,GOLD,996000
2020-11-01,GOLD,996000
2020-11-02,GOLD,994000
2020-11-03,GOLD,1004000
2020-11-04,GOLD,1004000
2020-11-05,GOLD,1000000
2020-11-06,GOLD,1009000
2020-11-07,GOLD,1004000
2020-11-08,GOLD,1004000
2020-11-09,GOLD,1006000
2020-11-10,GOLD,972000
2020-11-11,GOLD,970000
2020-11-12,GOLD,968000
2020-11-13,GOLD,978000
2020-11-14,GOLD,985000
2020-11-15,GOLD,985000
2020-11-16,GOLD,985000
2020-11-17,GOLD,980000
2020-11-18,GOLD,975000
2020-11-19,GOLD,973000
2020-11-20,GOLD,973000
2020-11-21,GOLD,977000
2020-11-22,GOLD,977000
2020-11-23,GOLD,977000
2020-11-24,GOLD,961000
2020-11-25,GOLD,953000
2020-11-26,GOLD,953000
2020-11-27,GOLD,951000
2020-11-28,GOLD,942000
2020-11-29,GOLD,942000
2020-11-30,GOLD,942000
2020-12-01,GOLD,938000
2020-12-02,GOLD,952000
2020-12-03,GOLD,957000
2020-12-04,GOLD,961000
2020-12-05,GOLD,960000
2020-12-06,GOLD,960000
2020-12-07,GOLD,959000
2020-12-08,GOLD,966000
2020-12-10,GOLD,956000
2020-12-11,GOLD,954000
2020-12-12,GOLD,954000
2020-12-13,GOLD,954000
2020-12-14,GOLD,952000
2020-12-15,GOLD,951000
2020-12-16,GOLD,962000
2020-12-17,GOLD,965000
2020-12-18,GOLD,972000
2020-12-19,GOLD,970000
2020-12-20,GOLD,970000
2020-12-21,GOLD,976000
2020-12-22,GOLD,970000
2020-12-23,GOLD,966000
2020-12-24,GOLD,971000
2020-12-25,GOLD,973000
2020-12-26,GOLD,973000
2020-12-27,GOLD,973000
2020-12-28,GOLD,977000
2020-12-29,GOLD,967000
2020-12-30,GOLD,965000
2021-01-02,GOLD,969000
2021-01-04,GOLD,975000
2021-01-05,GOLD,975000
2021-01-06,GOLD,981000
2021-01-07,GOLD,971000
2021-01-08,GOLD,969000
2021-01-09,GOLD,954000
2021-01-10,GOLD,954000
2021-01-11,GOLD,952000
2021-01-12,GOLD,957000
2021-01-13,GOLD,965000
2021-01-14,GOLD,955000
2021-01-15,GOLD,956000
2021-01-16,GOLD,948000
2021-01-17,GOLD,948000
2021-01-18,GOLD,944000
2021-01-19,GOLD,952000
2021-01-20,GOLD,954000
2021-01-21,GOLD,963000
2021-01-22,GOLD,961000
2021-01-23,GOLD,957000
2021-01-25,GOLD,958000
2021-01-26,GOLD,958000
2021-01-27,GOLD,956000
2021-01-28,GOLD,952000
2021-01-29,GOLD,954000
2021-01-30,GOLD,954000
2021-02-01,GOLD,955000
2021-02-02,GOLD,954000
2021-02-03,GOLD,947000
2021-02-04,GOLD,943000
2021-02-05,GOLD,930000
2021-02-06,GOLD,940000
2021-02-08,GOLD,940000
2021-02-09,GOLD,943000
2021-02-10,GOLD,945000
2021-02-11,GOLD,945000
2021-02-13,GOLD,940000
2021-02-15,GOLD,940000
2021-02-16,GOLD,935000
2021-02-17,GOLD,922000
2021-02-18,GOLD,925000
2021-02-19,GOLD,923000
2021-02-20,GOLD,930000
2021-02-21,GOLD,930000
2021-02-22,GOLD,930000
2021-02-23,GOLD,938000
2021-02-24,GOLD,938000
2021-02-25,GOLD,934000
2021-02-26,GOLD,922000
2021-02-27,GOLD,917000
2021-02-28,GOLD,917000
2021-03-01,GOLD,923000
2021-03-02,GOLD,923000
2021-03-03,GOLD,928000
2021-03-04,GOLD,923000
2021-03-05,GOLD,918000
2021-03-06,GOLD,923000
2021-03-07,GOLD,923000
2021-03-08,GOLD,924000
2021-03-09,GOLD,915000
2021-03-10,GOLD,930000
2021-03-11,GOLD,930000
2021-03-12,GOLD,929000
2021-03-13,GOLD,926000
2021-03-14,GOLD,926000
2021-03-15,GOLD,924000
2021-03-16,GOLD,927000
2021-03-17,GOLD,927000
2021-03-18,GOLD,935000
2021-03-19,GOLD,925000
2021-03-20,GOLD,934000
2021-03-21,GOLD,934000
2021-03-22,GOLD,931000
2021-03-23,GOLD,929000
2021-03-24,GOLD,921000
2021-03-25,GOLD,924000
2021-03-26,GOLD,921000
2021-03-27,GOLD,922000
2021-03-28,GOLD,922000
2021-03-29,GOLD,921000
2021-03-30,GOLD,911000
2021-03-31,GOLD,903000
2021-04-01,GOLD,913000
2021-04-02,GOLD,922000
2021-04-03,GOLD,922000
2021-04-04,GOLD,922000
2021-04-05,GOLD,921000
2021-04-06,GOLD,920000
2021-04-07,GOLD,924000
2021-04-08,GOLD,922000
2021-04-09,GOLD,931000
2021-04-10,GOLD,927000
2021-04-11,GOLD,927000
2021-04-12,GOLD,926000
2021-04-13,GOLD,924000
2021-04-14,GOLD,930000
2021-04-15,GOLD,925000
2021-04-16,GOLD,935000
2021-04-17,GOLD,937000
2021-04-19,GOLD,939000
2021-04-20,GOLD,933000
2021-04-21,GOLD,932000
2021-04-22,GOLD,940000
2021-04-23,GOLD,935000
2021-04-24,GOLD,933000
2021-04-25,GOLD,933000
2021-04-26,GOLD,933000
2021-04-27,GOLD,930000
2021-04-28,GOLD,926000
2021-04-29,GOLD,931000
2021-04-30,GOLD,922000
2021-05-01,GOLD,921000
2021-05-02,GOLD,921000
2021-05-03,GOLD,921000
2021-05-04,GOLD,930000
2021-05-05,GOLD,922000
2021-05-06,GOLD,926000
2021-05-07,GOLD,934000
2021-05-08,GOLD,937000
2021-05-09,GOLD,937000
2021-05-10,GOLD,937000
2021-05-11,GOLD,933000
2021-05-17,GOLD,937000
2021-05-18,GOLD,947000
2021-05-19,GOLD,948000
2021-05-20,GOLD,947000
2021-05-21,GOLD,957000
2021-05-22,GOLD,958000
2021-05-23,GOLD,958000
2021-05-24,GOLD,959000
2021-05-25,GOLD,955000
2021-05-27,GOLD,962000
2021-05-28,GOLD,962000
2021-05-29,GOLD,965000
2021-05-30,GOLD,965000
2021-05-31,GOLD,965000
2021-06-02,GOLD,961000
2021-06-03,GOLD,964000
2021-06-04,GOLD,949000
2021-06-05,GOLD,960000
2021-06-06,GOLD,960000
2021-06-07,GOLD,959000
2021-06-08,GOLD,960000
2021-06-09,GOLD,957000
2021-06-10,GOLD,954000
2021-06-11,GOLD,957000
2021-06-12,GOLD,948000
2021-06-14,GOLD,945000
2021-06-15,GOLD,943000
2021-06-16,GOLD,940000
2021-06-17,GOLD,928000
2021-06-18,GOLD,920000
2021-06-19,GOLD,920000
2021-06-21,GOLD,918000
2021-06-22,GOLD,932000
2021-06-23,GOLD,930000
2021-06-24,GOLD,932000
2021-06-25,GOLD,932000
2021-06-26,GOLD,934000
2021-06-28,GOLD,933000
2021-06-29,GOLD,932000
2021-06-30,GOLD,927000
2021-07-01,GOLD,932000
2021-07-02,GOLD,935000
2021-07-03,GOLD,942000
2021-07-05,GOLD,941000
2021-07-06,GOLD,939000
2021-07-07,GOLD,940000
2021-07-08,GOLD,945000
2021-07-09,GOLD,947000
2021-07-10,GOLD,950000
2021-07-12,GOLD,950000
2021-07-13,GOLD,946000
2021-07-14,GOLD,945000
2021-07-15,GOLD,953000
2021-07-16,GOLD,956000
2021-07-17,GOLD,949000
2021-07-19,GOLD,950000
2021-07-21,GOLD,947000
2021-07-22,GOLD,946000
2021-07-23,GOLD,946000
2021-07-24,GOLD,943000
2021-07-26,GOLD,942000
2021-07-27,GOLD,940000
2021-07-28,GOLD,940000
2021-07-29,GOLD,945000
2021-07-30,GOLD,953000
2021-07-31,GOLD,948000
2021-08-02,GOLD,948000
2021-08-03,GOLD,948000
2021-08-04,GOLD,943000
2021-08-05,GOLD,941000
2021-08-06,GOLD,939000
2021-08-07,GOLD,931000
2021-08-09,GOLD,921000
2021-08-10,GOLD,925000
2021-08-12,GOLD,932000
2021-08-13,GOLD,932000
2021-08-14,GOLD,942000
2021-08-16,GOLD,942000
2021-08-18,GOLD,946000
2021-08-19,GOLD,947000
2021-08-20,GOLD,946000
2021-08-21,GOLD,948000
2021-08-23,GOLD,946000
2021-08-24,GOLD,953000
2021-08-25,GOLD,950000
2021-08-26,GOLD,942000
2021-08-27,GOLD,942000
2021-08-28,GOLD,951000
2021-08-30,GOLD,951000
2021-08-31,GOLD,944000
2021-09-01,GOLD,941000
2021-09-02,GOLD,939000
2021-09-03,GOLD,937000
2021-09-04,GOLD,943000
2021-09-06,GOLD,942000
2021-09-07,GOLD,940000
2021-09-08,GOLD,928000
2021-09-09,GOLD,930000
2021-09-10,GOLD,934000
2021-09-11,GOLD,929000
2021-09-13,GOLD,929000
2021-09-14,GOLD,932000
2021-09-15,GOLD,936000
2021-09-16,GOLD,932000
2021-09-17,GOLD,918000
2021-09-18,GOLD,918000
2021-09-19,GOLD,918000
2021-09-20,GOLD,917000
2021-09-21,GOLD,922000
2021-09-22,GOLD,926000
2021-09-23,GOLD,924000
2021-09-24,GOLD,917000
2021-09-25,GOLD,918000
2021-09-26,GOLD,918000
2021-09-27,GOLD,918000
2021-09-28,GOLD,918000
2021-09-29,GOLD,913000
2021-09-30,GOLD,913000
2021-10-01,GOLD,922000
2021-10-02,GOLD,923000
2021-10-03,GOLD,923000
2021-10-04,GOLD,924000
2021-10-05,GOLD,922000
2021-10-06,GOLD,917000
2021-10-07,GOLD,918000
2021-10-08,GOLD,914000
2021-10-09,GOLD,914000
2021-10-10,GOLD,914000
2021-10-11,GOLD,914000
2021-10-12,GOLD,912000
2021-10-13,GOLD,916000
2021-10-14,GOLD,928000
2021-10-15,GOLD,926000
2021-10-16,GOLD,914000
2021-10-17,GOLD,914000
2021-10-18,GOLD,915000
2021-10-19,GOLD,915000
2021-10-20,GOLD,916000
2021-10-21,GOLD,921000
2021-10-22,GOLD,925000
2021-10-23,GOLD,928000
2021-10-24,GOLD,928000
2021-10-25,GOLD,929000
2021-10-26,GOLD,934000
2021-10-27,GOLD,929000
2021-10-28,GOLD,930000
2021-10-29,GOLD,931000
2021-10-30,GOLD,925000
2021-10-31,GOLD,925000
2021-11-01,GOLD,924000
2021-11-02,GOLD,930000
2021-11-03,GOLD,929000
2021-11-04,GOLD,927000
2021-11-05,GOLD,934000
2021-11-06,GOLD,946000
2021-11-07,GOLD,946000
2021-11-08,GOLD,945000
2021-11-09,GOLD,943000
2021-11-10,GOLD,943000
2021-11-11,GOLD,951000
2021-11-12,GOLD,956000
2021-11-13,GOLD,955000
2021-11-14,GOLD,955000
2021-11-15,GOLD,955000
2021-11-16,GOLD,952000
2021-11-17,GOLD,948000
2021-11-18,GOLD,956000
2021-11-19,GOLD,953000
2021-11-20,GOLD,947000
2021-11-21,GOLD,947000
2021-11-22,GOLD,947000
2021-11-23,GOLD,935000
2021-11-24,GOLD,929000
2021-11-25,GOLD,929000
2021-11-26,GOLD,930000
2021-11-27,GOLD,929000
2021-11-29,GOLD,930000
2021-11-30,GOLD,930000
2021-12-01,GOLD,925000
2021-12-02,GOLD,929000
2021-12-03,GOLD,926000
2021-12-04,GOLD,932000
2021-12-06,GOLD,932000
2021-12-07,GOLD,933000
2021-12-08,GOLD,933000
2021-12-09,GOLD,930000
2021-12-10,GOLD,927000
2021-12-11,GOLD,930000
2021-12-13,GOLD,930000
2021-12-14,GOLD,929000
2021-12-15,GOLD,924000
2021-12-16,GOLD,927000
2021-12-17,GOLD,934000
2021-12-18,GOLD,934000
2021-12-20,GOLD,935000
2021-12-21,GOLD,934000
2021-12-22,GOLD,931000
2021-12-23,GOLD,932000
2021-12-24,GOLD,933000
2021-12-27,GOLD,931000
2021-12-28,GOLD,934000
2021-12-29,GOLD,932000
2021-12-30,GOLD,933000
2021-12-31,GOLD,938000
2022-01-03,GOLD,945000
2022-01-04,GOLD,935000
2022-01-05,GOLD,940000
2022-01-06,GOLD,941000
2022-01-07,GOLD,934000
2022-01-08,GOLD,934000
2022-01-10,GOLD,933000
2022-01-11,GOLD,934000
2022-01-12,GOLD,940000
2022-01-13,GOLD,941000
2022-01-14,GOLD,939000
2022-01-15,GOLD,938000
2022-01-17,GOLD,937000
2022-01-18,GOLD,939000
2022-01-19,GOLD,936000
2022-01-20,GOLD,948000
2022-01-21,GOLD,947000
2022-01-22,GOLD,945000
2022-01-24,GOLD,944000
2022-01-25,GOLD,947000
2022-01-26,GOLD,950000
2022-01-27,GOLD,938000
2022-01-28,GOLD,930000
2022-01-29,GOLD,928000
2022-01-31,GOLD,927000
2022-02-01,GOLD,931000
2022-02-02,GOLD,932000
2022-02-03,GOLD,933000
2022-02-04,GOLD,934000
2022-02-05,GOLD,935000
2022-02-07,GOLD,937000
2022-02-08,GOLD,943000
2022-02-09,GOLD,943000
2022-02-10,GOLD,945000
2022-02-11,GOLD,941000
2022-02-12,GOLD,953000
2022-02-14,GOLD,953000
2022-02-15,GOLD,957000
2022-02-16,GOLD,946000
2022-02-17,GOLD,953000
2022-02-18,GOLD,967000
2022-02-19,GOLD,969000
2022-02-21,GOLD,972000
2022-02-22,GOLD,972000
2022-02-23,GOLD,969000
2022-02-24,GOLD,974000
2022-02-25,GOLD,975000
2022-02-26,GOLD,969000
2022-02-28,GOLD,978000
2022-03-01,GOLD,977000
2022-03-02,GOLD,987000
2022-03-03,GOLD,987000
2022-03-04,GOLD,990000
2022-03-05,GOLD,1005000
2022-03-06,GOLD,1005000
2022-03-07,GOLD,1013000
2022-03-08,GOLD,1019000
2022-03-09,GOLD,1036000
2022-03-10,GOLD,1010000
2022-03-11,GOLD,1010000
2022-03-12,GOLD,1009000
2022-03-13,GOLD,1009000
2022-03-14,GOLD,1001000
2022-03-15,GOLD,994000
2022-03-16,GOLD,984000
2022-03-17,GOLD,986000
2022-03-18,GOLD,991000
2022-03-19,GOLD,984000
2022-03-20,GOLD,984000
2022-03-21,GOLD,983000
2022-03-22,GOLD,989000
2022-03-23,GOLD,984000
2022-03-24,GOLD,994000
2022-03-25,GOLD,1000000
2022-03-26,GOLD,999000
2022-03-27,GOLD,999000
2022-03-28,GOLD,999000
2022-03-29,GOLD,985000
2022-03-30,GOLD,983000
2022-03-31,GOLD,987000
2022-04-01,GOLD,989000
2022-04-02,GOLD,985000
2022-04-03,GOLD,985000
2022-04-04,GOLD,985000
2022-04-05,GOLD,988000
2022-04-06,GOLD,983000
2022-04-07,GOLD,984000
2022-04-08,GOLD,988000
2022-04-09,GOLD,994000
2022-04-11,GOLD,993000
2022-04-12,GOLD,997000
2022-04-13,GOLD,1002000
2022-04-14,GOLD,1006000
2022-04-15,GOLD,1005000
2022-04-16,GOLD,1005000
2022-04-17,GOLD,1005000
2022-04-18,GOLD,1010000
2022-04-19,GOLD,1007000
2022-04-20,GOLD,995000
2022-04-21,GOLD,998000
2022-04-22,GOLD,997000
2022-04-23,GOLD,989000
2022-04-24,GOLD,989000
2022-04-25,GOLD,988000
2022-04-26,GOLD,982000
2022-04-27,GOLD,981000
2022-04-28,GOLD,975000
2022-05-08,GOLD,975000
2022-05-09,GOLD,977000
2022-05-10,GOLD,970000
2022-05-11,GOLD,966000
2022-05-12,GOLD,975000
2022-05-13,GOLD,969000
2022-05-14,GOLD,967000
2022-05-15,GOLD,967000
2022-05-16,GOLD,967000
2022-05-17,GOLD,974000
2022-05-18,GOLD,971000
2022-05-19,GOLD,973000
2022-05-20,GOLD,985000
2022-05-21,GOLD,984000
2022-05-22,GOLD,984000
2022-05-23,GOLD,984000
2022-05-24,GOLD,987000
2022-05-25,GOLD,992000
2022-05-26,GOLD,988000
2022-05-27,GOLD,988000
2022-05-28,GOLD,986000
2022-05-29,GOLD,986000
2022-05-30,GOLD,985000
2022-05-31,GOLD,983000
2022-06-01,GOLD,979000
2022-06-02,GOLD,984000
2022-06-03,GOLD,989000
2022-06-04,GOLD,979000
2022-06-05,GOLD,979000
2022-06-06,GOLD,980000
2022-06-07,GOLD,976000
2022-06-08,GOLD,981000
2022-06-09,GOLD,983000
2022-06-10,GOLD,984000
2022-06-11,GOLD,995000
2022-06-12,GOLD,995000
2022-06-13,GOLD,996000
2022-06-14,GOLD,986000
2022-06-15,GOLD,984000
2022-06-16,GOLD,994000
2022-06-17,GOLD,999000
2022-06-18,GOLD,999000
2022-06-19,GOLD,999000
2022-06-20,GOLD,999000
2022-06-21,GOLD,999000
2022-06-22,GOLD,993000
2022-06-23,GOLD,999000
2022-06-24,GOLD,992000
2022-06-25,GOLD,992000
2022-06-26,GOLD,992000
2022-06-27,GOLD,994000
2022-06-28,GOLD,988000
2022-06-29,GOLD,988000
2022-06-30,GOLD,988000
2022-07-01,GOLD,984000
2022-07-02,GOLD,991000
2022-07-03,GOLD,991000
2022-07-04,GOLD,989000
2022-07-05,GOLD,989000
2022-07-06,GOLD,977000
2022-07-07,GOLD,969000
2022-07-08,GOLD,969000
2022-07-09,GOLD,969000
2022-07-10,GOLD,969000
2022-07-11,GOLD,969000
2022-07-12,GOLD,966000
2022-07-13,GOLD,964000
2022-07-14,GOLD,967000
2022-07-15,GOLD,962000
2022-07-16,GOLD,962000
2022-07-17,GOLD,962000
2022-07-18,GOLD,963000
2022-07-19,GOLD,961000
2022-07-20,GOLD,963000
2022-07-21,GOLD,957000
2022-07-22,GOLD,965000
2022-07-23,GOLD,970000
2022-07-24,GOLD,970000
2022-07-25,GOLD,969000
2022-07-26,GOLD,966000
2022-07-27,GOLD,966000
2022-07-28,GOLD,978000
2022-07-29,GOLD,982000
2022-07-30,GOLD,982000
2022-07-31,GOLD,982000
2022-08-01,GOLD,980000
2022-08-02,GOLD,984000
2022-08-03,GOLD,978000
2022-08-04,GOLD,983000
2022-08-05,GOLD,998000
2022-08-06,GOLD,989000
2022-08-07,GOLD,989000
2022-08-08,GOLD,987000
2022-08-09,GOLD,996000
2022-08-10,GOLD,995000
2022-08-11,GOLD,995000
2022-08-12,GOLD,990000
2022-08-13,GOLD,990000
2022-08-14,GOLD,990000
2022-08-15,GOLD,988000
2022-08-16,GOLD,980000
2022-08-17,GOLD,980000
2022-08-18,GOLD,975000
2022-08-19,GOLD,974000
2022-08-20,GOLD,972000
2022-08-21,GOLD,972000
2022-08-22,GOLD,971000
2022-08-23,GOLD,968000
2022-08-24,GOLD,972000
2022-08-25,GOLD,972000
2022-08-26,GOLD,972000
2022-08-27,GOLD,964000
2022-08-28,GOLD,964000
2022-08-29,GOLD,962000
2022-08-30,GOLD,965000
2022-08-31,GOLD,957000
2022-09-01,GOLD,949000
2022-09-02,GOLD,947000
2022-09-03,GOLD,952000
2022-09-04,GOLD,952000
2022-09-05,GOLD,951000
2022-09-06,GOLD,955000
2022-09-07,GOLD,946000
2022-09-08,GOLD,950000
2022-09-09,GOLD,947000
2022-09-10,GOLD,947000
2022-09-11,GOLD,947000
2022-09-12,GOLD,947000
2022-09-13,GOLD,950000
2022-09-14,GOLD,942000
2022-09-15,GOLD,942000
2022-09-16,GOLD,933000
2022-09-17,GOLD,940000
2022-09-18,GOLD,940000
2022-09-19,GOLD,940000
2022-09-20,GOLD,942000
2022-09-21,GOLD,937000
2022-09-22,GOLD,937000
2022-09-23,GOLD,941000
2022-09-24,GOLD,932000
2022-09-25,GOLD,932000
2022-09-26,GOLD,932000
2022-09-27,GOLD,930000
2022-09-28,GOLD,932000
2022-09-29,GOLD,942000
2022-09-30,GOLD,945000
2022-10-01,GOLD,943000
2022-10-02,GOLD,943000
2022-10-03,GOLD,945000
2022-10-04,GOLD,955000
2022-10-05,GOLD,962000
2022-10-06,GOLD,957000
2022-10-07,GOLD,953000
2022-10-08,GOLD,949000
2022-10-09,GOLD,949000
2022-10-10,GOLD,949000
2022-10-11,GOLD,941000
2022-10-12,GOLD,941000
2022-10-13,GOLD,945000
2022-10-14,GOLD,940000
2022-10-15,GOLD,935000
2022-10-16,GOLD,935000
2022-10-17,GOLD,935000
2022-10-18,GOLD,940000
2022-10-19,GOLD,940000
2022-10-20,GOLD,933000
2022-10-21,GOLD,936000
2022-10-22,GOLD,945000
2022-10-23,GOLD,945000
2022-10-24,GOLD,946000
2022-10-25,GOLD,943000
2022-10-26,GOLD,943000
2022-10-27,GOLD,948000
2022-10-28,GOLD,944000
2022-10-29,GOLD,939000
2022-10-30,GOLD,939000
2022-10-31,GOLD,939000
2022-11-01,GOLD,936000
2022-11-02,GOLD,944000
2022-11-03,GOLD,939000
2022-11-04,GOLD,939000
2022-11-05,GOLD,954000
2022-11-06,GOLD,954000
2022-11-07,GOLD,951000
2022-11-08,GOLD,950000
2022-11-09,GOLD,961000
2022-11-10,GOLD,959000
2022-11-11,GOLD,974000
2022-11-12,GOLD,972000
2022-11-13,GOLD,972000
2022-11-14,GOLD,970000
2022-11-15,GOLD,973000
2022-11-16,GOLD,981000
2022-11-17,GOLD,981000
2022-11-18,GOLD,980000
2022-11-19,GOLD,978000
2022-11-20,GOLD,978000
2022-11-21,GOLD,978000
2022-11-22,GOLD,975000
2022-11-23,GOLD,977000
2022-11-24,GOLD,981000
2022-11-25,GOLD,980000
2022-11-26,GOLD,981000
2022-11-27,GOLD,981000
2022-11-28,GOLD,979000
2022-11-29,GOLD,977000
2022-11-30,GOLD,981000
2022-12-01,GOLD,991000
2022-12-02,GOLD,1004000
2022-12-03,GOLD,998000
2022-12-04,GOLD,998000
2022-12-05,GOLD,999000
2022-12-06,GOLD,984000
2022-12-07,GOLD,984000
2022-12-08,GOLD,999000
2022-12-09,GOLD,1003000
2022-12-10,GOLD,1007000
2022-12-11,GOLD,1007000
2022-12-12,GOLD,1005000
2022-12-13,GOLD,998000
2022-12-14,GOLD,1013000
2022-12-15,GOLD,1013000
2022-12-16,GOLD,1000000
2022-12-17,GOLD,1008000
2022-12-18,GOLD,1008000
2022-12-19,GOLD,1007000
2022-12-20,GOLD,1004000
2022-12-21,GOLD,1016000
2022-12-22,GOLD,1014000
2022-12-23,GOLD,1004000
2022-12-24,GOLD,1006000
2022-12-25,GOLD,1006000
2022-12-26,GOLD,1006000
2022-12-27,GOLD,1008000
2022-12-28,GOLD,1014000
2022-12-29,GOLD,1012000
2022-12-30,GOLD,1020000
2022-12-31,GOLD,1026000
2023-01-01,GOLD,1026000
2023-01-02,GOLD,1026000
2023-01-03,GOLD,1022000
2023-01-04,GOLD,1024000
2023-01-05,GOLD,1031000
2023-01-06,GOLD,1022000
2023-01-07,GOLD,1032000
2023-01-08,GOLD,1032000
2023-01-09,GOLD,1033000
2023-01-10,GOLD,1035000
2023-01-11,GOLD,1035000
2023-01-12,GOLD,1035000
2023-01-13,GOLD,1042000
2023-01-14,GOLD,1043000
2023-01-15,GOLD,1043000
2023-01-16,GOLD,1042000
2023-01-17,GOLD,1032000
2023-01-18,GOLD,1022000
2023-01-19,GOLD,1029000
2023-01-20,GOLD,1039000
2023-01-21,GOLD,1035000
2023-01-22,GOLD,1035000
2023-01-23,GOLD,1035000
2023-01-24,GOLD,1037000
2023-01-25,GOLD,1040000
2023-01-26,GOLD,1035000
2023-01-27,GOLD,1030000
2023-01-28,GOLD,1029000
2023-01-29,GOLD,1029000
2023-01-30,GOLD,1029000
2023-01-31,GOLD,1027000
2023-02-01,GOLD,1029000
2023-02-02,GOLD,1042000
2023-02-03,GOLD,1029000
2023-02-04,GOLD,1014000
2023-02-05,GOLD,1014000
2023-02-06,GOLD,1014000
2023-02-07,GOLD,1017000
2023-02-08,GOLD,1028000
2023-02-09,GOLD,1033000
2023-02-10,GOLD,1026000
2023-02-11,GOLD,1028000
2023-02-12,GOLD,1028000
2023-02-13,GOLD,1027000
2023-02-14,GOLD,1026000
2023-02-15,GOLD,1029000
2023-02-16,GOLD,1019000
2023-02-17,GOLD,1019000
2023-02-18,GOLD,1022000
2023-02-19,GOLD,1022000
2023-02-20,GOLD,1020000
2023-02-21,GOLD,1023000
2023-02-22,GOLD,1019000
2023-02-23,GOLD,1015000
2023-02-24,GOLD,1016000
2023-02-25,GOLD,1012000
2023-02-26,GOLD,1012000
2023-02-28,GOLD,1012000
2023-03-01,GOLD,1021000
2023-03-02,GOLD,1024000
2023-03-03,GOLD,1025000
2023-03-05,GOLD,1025000
2023-03-06,GOLD,1033000
2023-03-07,GOLD,1032000
2023-03-08,GOLD,1020000
2023-03-09,GOLD,1024000
2023-03-10,GOLD,1034000
2023-03-11,GOLD,1049000
2023-03-12,GOLD,1049000
2023-03-13,GOLD,1054000
2023-03-14,GOLD,1064000
2023-03-15,GOLD,1054000
2023-03-16,GOLD,1064000
2023-03-17,GOLD,1063000
2023-03-18,GOLD,1088000
2023-03-19,GOLD,1088000
2023-03-20,GOLD,1085000
2023-03-21,GOLD,1084000
2023-03-22,GOLD,1074000
2023-03-23,GOLD,1087000
2023-03-24,GOLD,1096000
2023-03-25,GOLD,1089000
2023-03-26,GOLD,1089000
2023-03-27,GOLD,1087000
2023-03-28,GOLD,1077000
2023-03-29,GOLD,1082000
2023-03-30,GOLD,1072000
2023-03-31,GOLD,1078000
2023-04-01,GOLD,1072000
2023-04-02,GOLD,1072000
2023-04-03,GOLD,1068000
2023-04-04,GOLD,1073000
2023-04-05,GOLD,1083000
2023-04-06,GOLD,1078000
2023-04-07,GOLD,1074000
2023-04-08,GOLD,1074000
2023-04-09,GOLD,1074000
2023-04-10,GOLD,1072000
2023-04-11,GOLD,1069000
2023-04-12,GOLD,1071000
2023-04-13,GOLD,1075000
2023-04-14,GOLD,1084000
2023-04-15,GOLD,1067000
2023-04-16,GOLD,1067000
2023-04-17,GOLD,1066000
2023-04-18,GOLD,1054000
2023-04-25,GOLD,1054000
2023-04-26,GOLD,1062000
2023-04-27,GOLD,1062000
2023-04-28,GOLD,1062000
2023-04-29,GOLD,1056000
2023-04-30,GOLD,1056000
2023-05-01,GOLD,1054000
2023-05-02,GOLD,1053000
2023-05-03,GOLD,1062000
2023-05-04,GOLD,1077000
2023-05-05,GOLD,1074000
2023-05-06,GOLD,1059000
2023-05-07,GOLD,1059000
2023-05-08,GOLD,1059000
2023-05-09,GOLD,1063000
2023-05-10,GOLD,1072000
2023-05-11,GOLD,1072000
2023-05-12,GOLD,1064000
2023-05-13,GOLD,1060000
2023-05-14,GOLD,1060000
2023-05-15,GOLD,1060000
2023-05-16,GOLD,1064000
2023-05-17,GOLD,1057000
2023-05-18,GOLD,1055000
2023-05-19,GOLD,1045000
2023-05-20,GOLD,1056000
2023-05-21,GOLD,1056000
2023-05-22,GOLD,1056000
2023-05-23,GOLD,1056000
2023-05-24,GOLD,1056000
2023-05-25,GOLD,1048000
2023-05-26,GOLD,1043000
2023-05-27,GOLD,1048000
2023-05-28,GOLD,1048000
2023-05-29,GOLD,1047000
2023-05-30,GOLD,1048000
2023-05-31,GOLD,1056000
2023-06-01,GOLD,1060000
2023-06-02,GOLD,1065000
2023-06-03,GOLD,1057000
2023-06-04,GOLD,1057000
2023-06-05,GOLD,1057000
2023-06-06,GOLD,1065000
2023-06-07,GOLD,1060000
2023-06-08,GOLD,1052000
2023-06-09,GOLD,1062000
2023-06-10,GOLD,1062000
2023-06-11,GOLD,1062000
2023-06-12,GOLD,1062000
2023-06-13,GOLD,1059000
2023-06-14,GOLD,1053000
2023-06-15,GOLD,1052000
2023-06-16,GOLD,1061000
2023-06-17,GOLD,1063000
2023-06-18,GOLD,1063000
2023-06-19,GOLD,1063000
2023-06-20,GOLD,1061000
2023-06-21,GOLD,1057000
2023-06-22,GOLD,1058000
2023-06-23,GOLD,1048000
2023-06-24,GOLD,1047000
2023-06-25,GOLD,1047000
2023-06-26,GOLD,1050000
2023-06-27,GOLD,1053000
2023-06-28,GOLD,1052000
2023-06-29,GOLD,1049000
2023-06-30,GOLD,1049000
2023-07-02,GOLD,1049000
2023-07-03,GOLD,1054000
2023-07-04,GOLD,1054000
2023-07-05,GOLD,1058000
2023-07-06,GOLD,1053000
2023-07-07,GOLD,1050000
2023-07-08,GOLD,1059000
2023-07-09,GOLD,1059000
2023-07-10,GOLD,1059000
2023-07-11,GOLD,1064000
2023-07-12,GOLD,1071000
2023-07-13,GOLD,1082000
2023-07-14,GOLD,1080000
2023-07-15,GOLD,1074000
2023-07-16,GOLD,1074000
2023-07-17,GOLD,1073000
2023-07-18,GOLD,1072000
2023-07-19,GOLD,1080000
2023-07-20,GOLD,1080000
2023-07-21,GOLD,1077000
2023-07-22,GOLD,1072000
2023-07-23,GOLD,1072000
2023-07-24,GOLD,1072000
2023-07-25,GOLD,1071000
2023-07-26,GOLD,1075000
2023-07-27,GOLD,1076000
2023-07-28,GOLD,1068000
2023-07-29,GOLD,1071000
2023-07-30,GOLD,1071000
2023-07-31,GOLD,1071000
2023-08-01,GOLD,1078000
2023-08-02,GOLD,1071000
2023-08-03,GOLD,1067000
2023-08-04,GOLD,1069000
2023-08-05,GOLD,1074000
2023-08-06,GOLD,1074000
2023-08-07,GOLD,1074000
2023-08-08,GOLD,1070000
2023-08-09,GOLD,1066000
2023-08-10,GOLD,1064000
2023-08-11,GOLD,1062000
2023-08-12,GOLD,1062000
2023-08-13,GOLD,1062000
2023-08-14,GOLD,1061000
2023-08-15,GOLD,1060000
2023-08-16,GOLD,1063000
2023-08-17,GOLD,1060000
2023-08-18,GOLD,1060000
2023-08-19,GOLD,1057000
2023-08-20,GOLD,1057000
2023-08-21,GOLD,1057000
2023-08-22,GOLD,1058000
2023-08-23,GOLD,1062000
2023-08-24,GOLD,1069000
2023-08-25,GOLD,1069000
2023-08-26,GOLD,1065000
2023-08-27,GOLD,1065000
2023-08-28,GOLD,1065000
2023-08-29,GOLD,1070000
2023-08-30,GOLD,1077000
2023-08-31,GOLD,1079000
2023-09-01,GOLD,1076000
2023-09-02,GOLD,1076000
2023-09-03,GOLD,1076000
2023-09-04,GOLD,1076000
2023-09-05,GOLD,1075000
2023-09-06,GOLD,1069000
2023-09-07,GOLD,1064000
2023-09-08,GOLD,1068000
2023-09-09,GOLD,1069000
2023-09-10,GOLD,1069000
2023-09-11,GOLD,1070000
2023-09-12,GOLD,1071000
2023-09-13,GOLD,1068000
2023-09-14,GOLD,1066000
2023-09-15,GOLD,1068000
2023-09-16,GOLD,1075000
2023-09-17,GOLD,1075000
2023-09-18,GOLD,1075000
2023-09-19,GOLD,1081000
2023-09-20,GOLD,1080000
2023-09-21,GOLD,1080000
2023-09-22,GOLD,1077000
2023-09-23,GOLD,1079000
2023-09-24,GOLD,1079000
2023-09-25,GOLD,1078000
2023-09-26,GOLD,1072000
2023-09-27,GOLD,1066000
2023-09-28,GOLD,1058000
2023-09-29,GOLD,1053000
2023-09-30,GOLD,1049000
2023-10-01,GOLD,1049000
2023-10-02,GOLD,1049000
2023-10-03,GOLD,1039000
2023-10-04,GOLD,1040000
2023-10-05,GOLD,1043000
2023-10-06,GOLD,1043000
2023-10-07,GOLD,1047000
2023-10-08,GOLD,1047000
2023-10-09,GOLD,1053000
2023-10-10,GOLD,1062000
2023-10-11,GOLD,1063000
2023-10-12,GOLD,1072000
2023-10-13,GOLD,1072000
2023-10-14,GOLD,1088000
2023-10-15,GOLD,1088000
2023-10-16,GOLD,1087000
2023-10-17,GOLD,1085000
2023-10-18,GOLD,1088000
2023-10-19,GOLD,1100000
2023-10-20,GOLD,1112000
2023-10-21,GOLD,1121000
2023-10-22,GOLD,1121000
2023-10-23,GOLD,1117000
2023-10-24,GOLD,1119000
2023-10-25,GOLD,1123000
2023-10-26,GOLD,1125000
2023-10-27,GOLD,1123000
2023-10-28,GOLD,1136000
2023-10-29,GOLD,1136000
2023-10-30,GOLD,1135000
2023-10-31,GOLD,1131000
2023-11-01,GOLD,1123000
2023-11-02,GOLD,1123000
2023-11-03,GOLD,1126000
2023-11-04,GOLD,1125000
2023-11-05,GOLD,1125000
2023-11-06,GOLD,1123000
2023-11-07,GOLD,1111000
2023-11-08,GOLD,1094000
2023-11-09,GOLD,1087000
2023-11-10,GOLD,1092000
2023-11-11,GOLD,1084000
2023-11-12,GOLD,1084000
2023-11-13,GOLD,1084000
2023-11-14,GOLD,1089000
2023-11-15,GOLD,1097000
2023-11-16,GOLD,1096000
2023-11-17,GOLD,1095000
2023-11-18,GOLD,1100000
2023-11-19,GOLD,1100000
2023-11-20,GOLD,1097000
2023-11-21,GOLD,1095000
2023-11-22,GOLD,1097000
2023-11-23,GOLD,1095000
2023-11-24,GOLD,1105000
2023-11-25,GOLD,1110000
2023-11-26,GOLD,1110000
2023-11-27,GOLD,1110000
2023-11-28,GOLD,1115000
2023-11-29,GOLD,1124000
2023-11-30,GOLD,1120000
2023-12-01,GOLD,1115000
2023-12-02,GOLD,1130000
2023-12-03,GOLD,1130000
2023-12-04,GOLD,1145000
2023-12-05,GOLD,1122000
2023-12-06,GOLD,1110000
2023-12-07,GOLD,1116000
2023-12-08,GOLD,1116000
2023-12-09,GOLD,1107000
2023-12-10,GOLD,1107000
2023-12-11,GOLD,1107000
2023-12-12,GOLD,1093000
2023-12-13,GOLD,1100000
2023-12-14,GOLD,1125000
2023-12-15,GOLD,1126000
2023-12-16,GOLD,1114000
2023-12-17,GOLD,1114000
2023-12-18,GOLD,1114000
2023-12-19,GOLD,1118000
2023-12-20,GOLD,1125000
2023-12-21,GOLD,1121000
2023-12-22,GOLD,1128000
2023-12-23,GOLD,1132000
2023-12-24,GOLD,1132000
2023-12-25,GOLD,1132000
2023-12-26,GOLD,1132000
2023-12-27,GOLD,1137000
2023-12-28,GOLD,1141000
2023-12-29,GOLD,1130000
2024-01-01,GOLD,1130000
2024-01-02,GOLD,1129000
2024-01-03,GOLD,1129000
2024-01-04,GOLD,1123000
2024-01-05,GOLD,1125000
2024-01-06,GOLD,1128000
2024-01-07,GOLD,1128000
2024-01-08,GOLD,1128000
2024-01-09,GOLD,1121000
2024-01-10,GOLD,1121000
2024-01-11,GOLD,1119000
2024-01-12,GOLD,1124000
2024-01-13,GOLD,1131000
2024-01-14,GOLD,1131000
2024-01-15,GOLD,1130000
2024-01-16,GOLD,1134000
2024-01-17,GOLD,1121000
2024-01-18,GOLD,1115000
2024-01-19,GOLD,1125000
2024-01-20,GOLD,1128000
2024-01-21,GOLD,1128000
2024-01-22,GOLD,1127000
2024-01-23,GOLD,1125000
2024-01-24,GOLD,1128000
2024-01-25,GOLD,1124000
2024-01-26,GOLD,1130000
2024-01-27,GOLD,1132000
2024-01-28,GOLD,1132000
2024-01-29,GOLD,1133000
2024-01-30,GOLD,1142000
2024-01-31,GOLD,1144000
2024-02-01,GOLD,1143000
2024-02-02,GOLD,1151000
2024-02-03,GOLD,1142000
2024-02-04,GOLD,1142000
2024-02-05,GOLD,1140000
2024-02-06,GOLD,1130000
2024-02-07,GOLD,1136000
2024-02-08,GOLD,1139000
2024-02-09,GOLD,1138000
2024-02-10,GOLD,1135000
2024-02-11,GOLD,1135000
2024-02-12,GOLD,1135000
2024-02-13,GOLD,1129000
2024-02-14,GOLD,1114000
2024-02-15,GOLD,1115000
2024-02-16,GOLD,1118000
2024-02-17,GOLD,1124000
2024-02-18,GOLD,1124000
2024-02-19,GOLD,1125000
2024-02-20,GOLD,1128000
2024-02-21,GOLD,1131000
2024-02-22,GOLD,1133000
2024-02-23,GOLD,1133000
2024-02-24,GOLD,1136000
2024-02-25,GOLD,1136000
2024-02-26,GOLD,1135000
2024-02-27,GOLD,1132000
2024-02-28,GOLD,1134000
2024-02-29,GOLD,1138000
2024-03-01,GOLD,1142000
2024-03-02,GOLD,1164000
2024-03-03,GOLD,1164000
2024-03-04,GOLD,1164000
2024-03-05,GOLD,1179000
2024-03-06,GOLD,1186000
2024-03-07,GOLD,1199000
2024-03-08,GOLD,1204000
2024-03-09,GOLD,1208000
2024-03-10,GOLD,1208000
2024-03-11,GOLD,1208000
2024-03-12,GOLD,1210000
2024-03-13,GOLD,1200000
2024-03-14,GOLD,1203000
2024-03-15,GOLD,1194000
2024-03-16,GOLD,1193000
2024-03-17,GOLD,1193000
2024-03-18,GOLD,1193000
2024-03-19,GOLD,1199000
2024-03-20,GOLD,1199000
2024-03-21,GOLD,1219000
2024-03-22,GOLD,1211000
2024-03-23,GOLD,1203000
2024-03-24,GOLD,1203000
2024-03-25,GOLD,1203000
2024-03-26,GOLD,1213000
2024-03-27,GOLD,1217000
2024-03-28,GOLD,1222000
2024-03-29,GOLD,1249000
2024-03-30,GOLD,1249000
2024-03-31,GOLD,1249000
2024-04-01,GOLD,1254000
2024-04-02,GOLD,1256000
2024-04-03,GOLD,1274000
2024-04-04,GOLD,1283000
2024-04-05,GOLD,1279000
2024-04-06,GOLD,1299000
2024-04-07,GOLD,1299000
2024-04-08,GOLD,1289000
2024-04-09,GOLD,1306000
2024-04-11,GOLD,1306000
2024-04-12,GOLD,1324000
2024-04-13,GOLD,1310000
2024-04-14,GOLD,1310000
2024-04-15,GOLD,1315000
2024-04-16,GOLD,1321000
2024-04-17,GOLD,1321000
2024-04-18,GOLD,1335000
2024-04-19,GOLD,1345000
2024-04-20,GOLD,1347000
2024-04-21,GOLD,1347000
2024-04-22,GOLD,1343000
2024-04-23,GOLD,1325000
2024-04-24,GOLD,1320000
2024-04-25,GOLD,1319000
2024-04-26,GOLD,1319000
2024-04-27,GOLD,1326000
2024-04-28,GOLD,1326000
2024-04-29,GOLD,1325000
2024-04-30,GOLD,1325000
2024-05-01,GOLD,1310000
2024-05-02,GOLD,1327000
2024-05-03,GOLD,1318000
2024-05-04,GOLD,1313000
2024-05-05,GOLD,1313000
2024-05-06,GOLD,1310000
2024-05-07,GOLD,1318000
2024-05-08,GOLD,1308000
2024-05-09,GOLD,1306000
2024-05-10,GOLD,1326000
2024-05-11,GOLD,1333000
2024-05-12,GOLD,1333000
2024-05-13,GOLD,1333000
2024-05-14,GOLD,1324000
2024-05-15,GOLD,1332000
2024-05-16,GOLD,1354000
2024-05-17,GOLD,1343000
2024-05-18,GOLD,1350000
2024-05-19,GOLD,1350000
2024-05-20,GOLD,1363000
2024-05-21,GOLD,1358000
2024-05-22,GOLD,1357000
2024-05-23,GOLD,1345000
2024-05-24,GOLD,1325000
2024-05-25,GOLD,1325000
2024-05-26,GOLD,1325000
2024-05-27,GOLD,1327000
2024-05-28,GOLD,1333000
2024-05-29,GOLD,1338000
2024-05-30,GOLD,1329000
2024-05-31,GOLD,1337000
2024-06-01,GOLD,1336000
2024-06-02,GOLD,1336000
2024-06-03,GOLD,1335000
2024-06-04,GOLD,1349000
2024-06-05,GOLD,1336000
2024-06-06,GOLD,1349000
2024-06-07,GOLD,1366000
2024-06-08,GOLD,1328000
2024-06-09,GOLD,1328000
2024-06-10,GOLD,1329000
2024-06-11,GOLD,1330000
2024-06-12,GOLD,1338000
2024-06-13,GOLD,1341000
2024-06-14,GOLD,1333000
2024-06-15,GOLD,1347000
2024-06-16,GOLD,1347000
2024-06-17,GOLD,1344000
2024-06-18,GOLD,1342000
2024-06-19,GOLD,1349000
2024-06-20,GOLD,1355000
2024-06-21,GOLD,1371000
2024-06-22,GOLD,1357000
2024-06-23,GOLD,1357000
2024-06-24,GOLD,1360000
2024-06-25,GOLD,1368000
2024-06-26,GOLD,1361000
2024-06-27,GOLD,1350000
2024-06-28,GOLD,1360000
2024-06-29,GOLD,1365000
2024-06-30,GOLD,1365000
2024-07-01,GOLD,1363000
2024-07-02,GOLD,1368000
2024-07-03,GOLD,1365000
2024-07-04,GOLD,1378000
2024-07-05,GOLD,1383000
2024-07-06,GOLD,1395000
2024-07-07,GOLD,1395000
2024-07-08,GOLD,1396000
2024-07-09,GOLD,1389000
2024-07-10,GOLD,1380000
2024-07-11,GOLD,1386000
2024-07-12,GOLD,1399000
2024-07-13,GOLD,1400000
2024-07-14,GOLD,1400000
2024-07-15,GOLD,1399000
2024-07-16,GOLD,1403000
2024-07-17,GOLD,1420000
2024-07-18,GOLD,1427000
2024-07-19,GOLD,1419000
2024-07-20,GOLD,1404000
2024-07-21,GOLD,1404000
2024-07-22,GOLD,1404000
2024-07-23,GOLD,1404000
2024-07-24,GOLD,1406000
2024-07-25,GOLD,1400000
2024-07-26,GOLD,1386000
2024-07-27,GOLD,1396000
2024-07-28,GOLD,1396000
2024-07-29,GOLD,1402000
2024-07-30,GOLD,1400000
2024-07-31,GOLD,1412000
2024-08-01,GOLD,1433000
2024-08-02,GOLD,1431000
2024-08-03,GOLD,1428000
2024-08-04,GOLD,1428000
2024-08-05,GOLD,1420000
2024-08-06,GOLD,1413000
2024-08-07,GOLD,1399000
2024-08-08,GOLD,1399000
2024-08-09,GOLD,1409000
2024-08-10,GOLD,1401000
2024-08-11,GOLD,1401000
2024-08-12,GOLD,1401000
2024-08-13,GOLD,1419000
2024-08-14,GOLD,1419000
2024-08-15,GOLD,1414000
2024-08-16,GOLD,1404000
2024-08-17,GOLD,1418000
2024-08-18,GOLD,1418000
2024-08-19,GOLD,1418000
2024-08-20,GOLD,1419000
2024-08-21,GOLD,1415000
2024-08-22,GOLD,1410000
2024-08-23,GOLD,1411000
2024-08-24,GOLD,1420000
2024-08-25,GOLD,1420000
2024-08-26,GOLD,1420000
2024-08-27,GOLD,1420000
2024-08-28,GOLD,1410000
2024-08-29,GOLD,1412000
2024-08-30,GOLD,1413000
2024-08-31,GOLD,1401000
2024-09-01,GOLD,1401000
2024-09-02,GOLD,1401000
2024-09-03,GOLD,1404000
2024-09-04,GOLD,1406000
2024-09-05,GOLD,1409000
2024-09-06,GOLD,1414000
2024-09-07,GOLD,1405000
2024-09-08,GOLD,1405000
2024-09-09,GOLD,1398000
2024-09-10,GOLD,1399000
2024-09-11,GOLD,1411000
2024-09-12,GOLD,1409000
2024-09-13,GOLD,1429000
2024-09-14,GOLD,1439000
2024-09-15,GOLD,1439000
2024-09-16,GOLD,1443000
2024-09-17,GOLD,1444000
2024-09-18,GOLD,1440000
2024-09-19,GOLD,1430000
2024-09-20,GOLD,1443000
2024-09-21,GOLD,1455000
2024-09-22,GOLD,1455000
2024-09-23,GOLD,1455000
2024-09-24,GOLD,1443000
2024-09-25,GOLD,1463000
2024-09-26,GOLD,1461000
2024-09-27,GOLD,1461000
2024-09-28,GOLD,1461000
2024-09-29,GOLD,1461000
2024-09-30,GOLD,1464000
2024-10-01,GOLD,1452000
2024-10-02,GOLD,1464000
2024-10-03,GOLD,1469000
2024-10-04,GOLD,1471000
2024-10-05,GOLD,1482000
2024-10-06,GOLD,1482000
2024-10-07,GOLD,1478000
2024-10-08,GOLD,1491000
2024-10-09,GOLD,1483000
2024-10-10,GOLD,1473000
2024-10-11,GOLD,1481000
2024-10-12,GOLD,1495000
2024-10-13,GOLD,1495000
2024-10-14,GOLD,1490000
2024-10-15,GOLD,1488000
2024-10-16,GOLD,1491000
2024-10-17,GOLD,1496000
2024-10-18,GOLD,1503000
2024-10-19,GOLD,1514000
2024-10-20,GOLD,1514000
2024-10-21,GOLD,1514000
2024-10-22,GOLD,1510000
2024-10-23,GOLD,1521000
2024-10-24,GOLD,1515000
2024-10-25,GOLD,1529000
2024-10-26,GOLD,1534000
2024-10-27,GOLD,1534000
2024-10-28,GOLD,1527000
2024-10-29,GOLD,1535000
2024-10-30,GOLD,1560000
2024-10-31,GOLD,1567000
2024-11-01,GOLD,1547000
2024-11-02,GOLD,1539000
2024-11-03,GOLD,1539000
2024-11-04,GOLD,1539000
2024-11-05,GOLD,1539000
2024-11-06,GOLD,1543000
2024-11-07,GOLD,1513000
2024-11-08,GOLD,1527000
2024-11-09,GOLD,1517000
2024-11-10,GOLD,1517000
2024-11-11,GOLD,1517000
2024-11-12,GOLD,1482000
2024-11-13,GOLD,1477000
2024-11-14,GOLD,1466000
2024-11-15,GOLD,1470000
2024-11-16,GOLD,1468000
2024-11-17,GOLD,1468000
2024-11-18,GOLD,1476000
2024-11-19,GOLD,1491000
2024-11-20,GOLD,1498000
2024-11-21,GOLD,1508000
2024-11-22,GOLD,1520000
2024-11-23,GOLD,1541000
2024-11-24,GOLD,1541000
2024-11-25,GOLD,1539000
2024-11-26,GOLD,1499000
2024-11-27,GOLD,1504000
2024-11-28,GOLD,1513000
2024-11-29,GOLD,1508000
2024-11-30,GOLD,1514000
2024-12-01,GOLD,1514000
2024-12-02,GOLD,1509000
2024-12-03,GOLD,1514000
2024-12-04,GOLD,1513000
2024-12-05,GOLD,1522000
2024-12-06,GOLD,1514000
2024-12-07,GOLD,1508000
2024-12-08,GOLD,1508000
2024-12-09,GOLD,1503000
2024-12-10,GOLD,1517000
2024-12-11,GOLD,1534000
2024-12-12,GOLD,1548000
2024-12-13,GOLD,1531000
2024-12-14,GOLD,1517000
2024-12-15,GOLD,1517000
2024-12-16,GOLD,1517000
2024-12-17,GOLD,1520000
2024-12-18,GOLD,1520000
2024-12-19,GOLD,1505000
2024-12-20,GOLD,1515000
2024-12-21,GOLD,1533000
2024-12-22,GOLD,1533000
2024-12-23,GOLD,1533000
2024-12-24,GOLD,1520000
2024-12-25,GOLD,1520000
2024-12-26,GOLD,1520000
2024-12-27,GOLD,1528000
2024-12-28,GOLD,1526000
2024-12-29,GOLD,1526000
2024-12-30,GOLD,1528000
2024-12-31,GOLD,1515000
2025-01-01,GOLD,1515000
2025-01-02,GOLD,1524000
2025-01-03,GOLD,1543000
2025-01-04,GOLD,1539000
2025-01-05,GOLD,1539000
2025-01-06,GOLD,1539000
2025-01-07,GOLD,1535000
2025-01-08,GOLD,1541000
2025-01-09,GOLD,1546000
2025-01-10,GOLD,1555000
2025-01-11,GOLD,1568000
2025-01-12,GOLD,1568000
2025-01-13,GOLD,1568000
2025-01-14,GOLD,1560000
2025-01-15,GOLD,1564000
2025-01-16,GOLD,1577000
2025-01-17,GOLD,1594000
2025-01-18,GOLD,1587000
2025-01-19,GOLD,1587000
2025-01-20,GOLD,1585000
2025-01-21,GOLD,1591000
2025-01-22,GOLD,1606000
2025-01-23,GOLD,1607000
2025-01-24,GOLD,1608000
2025-01-25,GOLD,1611000
2025-01-26,GOLD,1611000
2025-01-27,GOLD,1609000
2025-01-28,GOLD,1597000
2025-01-29,GOLD,1607000
2025-01-30,GOLD,1606000
2025-01-31,GOLD,1620000
2025-02-01,GOLD,1624000
2025-02-02,GOLD,1624000
2025-02-03,GOLD,1621000
2025-02-04,GOLD,1650000
2025-02-05,GOLD,1663000
2025-02-06,GOLD,1670000
2025-02-07,GOLD,1660000
2025-02-08,GOLD,1662000
2025-02-09,GOLD,1662000
2025-02-10,GOLD,1667000
2025-02-11,GOLD,1692000
2025-02-12,GOLD,1684000
2025-02-13,GOLD,1692000
2025-02-14,GOLD,1701000
2025-02-15,GOLD,1678000
2025-02-16,GOLD,1678000
2025-02-17,GOLD,1671000
2025-02-18,GOLD,1679000
2025-02-19,GOLD,1691000
2025-02-20,GOLD,1708000
2025-02-21,GOLD,1707000
2025-02-22,GOLD,1704000
2025-02-23,GOLD,1704000
2025-02-24,GOLD,1705000
2025-02-25,GOLD,1707000
2025-02-26,GOLD,1694000
2025-02-27,GOLD,1692000
2025-02-28,GOLD,1678000
2025-03-01,GOLD,1672000
2025-03-02,GOLD,1672000
2025-03-03,GOLD,1679000
2025-03-04,GOLD,1704000
2025-03-05,GOLD,1709000
2025-03-06,GOLD,1706000
2025-03-07,GOLD,1690000
2025-03-08,GOLD,1690000
2025-03-09,GOLD,1690000
2025-03-10,GOLD,1693000
2025-03-11,GOLD,1679000
2025-03-12,GOLD,1702000
2025-03-13,GOLD,1714000
2025-03-14,GOLD,1742000
2025-03-15,GOLD,1739000
2025-03-16,GOLD,1739000
2025-03-17,GOLD,1741000
2025-03-18,GOLD,1745000
2025-03-19,GOLD,1759000
2025-03-20,GOLD,1774000
2025-03-21,GOLD,1779000
2025-03-22,GOLD,1764000
2025-03-23,GOLD,1764000
2025-03-24,GOLD,1765000
2025-03-25,GOLD,1759000
2025-03-26,GOLD,1769000
2025-03-27,GOLD,1776000
2025-03-28,GOLD,1792000
2025-03-29,GOLD,1806000
2025-03-30,GOLD,1806000
2025-03-31,GOLD,1806000
2025-04-01,GOLD,1826000
2025-04-02,GOLD,1819000
2025-04-03,GOLD,1836000
2025-04-04,GOLD,1819000
2025-04-05,GOLD,1781000
2025-04-06,GOLD,1781000
2025-04-07,GOLD,1758000
2025-04-08,GOLD,1754000
2025-04-09,GOLD,1777000
2025-04-10,GOLD,1846000
2025-04-11,GOLD,1889000
2025-04-12,GOLD,1904000
2025-04-13,GOLD,1904000
2025-04-14,GOLD,1896000
2025-04-15,GOLD,1896000
2025-04-16,GOLD,1916000
2025-04-17,GOLD,1975000
2025-04-18,GOLD,1965000
2025-04-19,GOLD,1965000
2025-04-20,GOLD,1965000
2025-04-21,GOLD,1980000
2025-04-22,GOLD,2016000
2025-04-23,GOLD,1991000
2025-04-24,GOLD,1969000
2025-04-25,GOLD,1986000
2025-04-26,GOLD,1965000
2025-04-27,GOLD,1965000
2025-04-28,GOLD,1960000
2025-04-29,GOLD,1966000
2025-04-30,GOLD,1965000
2025-05-01,GOLD,1932000
2025-05-02,GOLD,1912000
2025-05-03,GOLD,1902000
2025-05-04,GOLD,1902000
2025-05-05,GOLD,1905000
2025-05-06,GOLD,1931000
2025-05-07,GOLD,1956000
2025-05-08,GOLD,1953000
2025-05-09,GOLD,1926000
2025-05-10,GOLD,1928000
2025-05-11,GOLD,1928000
2025-05-12,GOLD,1905000
2025-05-13,GOLD,1884000
2025-05-14,GOLD,1886000
2025-05-15,GOLD,1866000
2025-05-16,GOLD,1891000
2025-05-17,GOLD,1871000
2025-05-18,GOLD,1871000
2025-05-19,GOLD,1894000
2025-05-20,GOLD,1871000
2025-05-21,GOLD,1915000
2025-05-22,GOLD,1923000
2025-05-23,GOLD,1910000
2025-05-24,GOLD,1930000
2025-05-25,GOLD,1930000
2025-05-26,GOLD,1919000
2025-05-27,GOLD,1923000
2025-05-28,GOLD,1895000
2025-05-29,GOLD,1874000
2025-05-30,GOLD,1900000
2025-05-31,GOLD,1888000
2025-06-01,GOLD,1888000
2025-06-02,GOLD,1905000
2025-06-03,GOLD,1940000
2025-06-04,GOLD,1924000
2025-06-05,GOLD,1938000
2025-06-06,GOLD,1929000
2025-06-07,GOLD,1904000
2025-06-08,GOLD,1904000
2025-06-09,GOLD,1904000
2025-06-10,GOLD,1909000
2025-06-11,GOLD,1910000
2025-06-12,GOLD,1928000
2025-06-13,GOLD,1951000
2025-06-14,GOLD,1960000
2025-06-15,GOLD,1960000
2025-06-16,GOLD,1968000
2025-06-17,GOLD,1950000
2025-06-18,GOLD,1943000
2025-06-19,GOLD,1937000
2025-06-20,GOLD,1936000
2025-06-21,GOLD,1942000
2025-06-22,GOLD,1942000
2025-06-23,GOLD,1942000
2025-06-24,GOLD,1932000
2025-06-25,GOLD,1932000
2025-06-26,GOLD,1924000
2025-06-27,GOLD,1907000
2025-06-28,GOLD,1884000
2025-06-29,GOLD,1884000
2025-06-30,GOLD,1880000
2025-07-01,GOLD,1896000
2025-07-02,GOLD,1913000
2025-07-03,GOLD,1911000
2025-07-04,GOLD,1907000
2025-07-05,GOLD,1908000
2025-07-06,GOLD,1908000
2025-07-07,GOLD,1901000
2025-07-08,GOLD,1906000
2025-07-09,GOLD,1894000
2025-07-10,GOLD,1902000
2025-07-11,GOLD,1906000
2025-07-12,GOLD,1919000
2025-07-13,GOLD,1919000
2025-07-14,GOLD,1924000
2025-07-15,GOLD,1914000
2025-07-16,GOLD,1908000
2025-07-17,GOLD,1919000
2025-07-18,GOLD,1917000
2025-07-19,GOLD,1927000
2025-07-21,GOLD,1927000
2025-07-22,GOLD,1946000
2025-07-23,GOLD,1970000
2025-07-24,GOLD,1945000
2025-07-25,GOLD,1934000
2025-07-26,GOLD,1915000
2025-07-27,GOLD,1915000
2025-07-28,GOLD,1914000
2025-07-29,GOLD,1906000
2025-07-30,GOLD,1918000
2025-07-31,GOLD,1901000
2025-08-01,GOLD,1901000
2025-08-02,GOLD,1948000
2025-08-04,GOLD,1946000
2025-08-05,GOLD,1959000
2025-08-06,GOLD,1950000
2025-08-07,GOLD,1943000
2025-08-08,GOLD,1959000
2025-08-09,GOLD,1951000
2025-08-11,GOLD,1945000
2025-08-12,GOLD,1924000
2025-08-13,GOLD,1917000
2025-08-14,GOLD,1933000
2025-08-15,GOLD,1909000
2025-08-16,GOLD,1896000
2025-08-17,GOLD,1896000
2025-08-18,GOLD,1894000
2025-08-19,GOLD,1897000
2025-08-20,GOLD,1890000
2025-08-21,GOLD,1914000
2025-08-22,GOLD,1916000
2025-08-23,GOLD,1933000
2025-08-24,GOLD,1933000
2025-08-25,GOLD,1929000
2025-08-26,GOLD,1932000
2025-08-27,GOLD,1940000
2025-08-28,GOLD,1944000
2025-08-29,GOLD,1964000
2025-08-30,GOLD,1980000
2025-08-31,GOLD,1980000
2025-09-01,GOLD,2011000
2025-09-02,GOLD,2009000
2025-09-03,GOLD,2035000
2025-09-04,GOLD,2044000
2025-09-05,GOLD,2042000
2025-09-06,GOLD,2060000
2025-09-07,GOLD,2060000
2025-09-08,GOLD,2060000
2025-09-09,GOLD,2086000
2025-09-10,GOLD,2074000
2025-09-11,GOLD,2095000
2025-09-12,GOLD,2088000
2025-09-13,GOLD,2095000
2025-09-14,GOLD,2095000
2025-09-15,GOLD,2093000
2025-09-16,GOLD,2105000
2025-09-17,GOLD,2115000
2025-09-18,GOLD,2098000
2025-09-19,GOLD,2090000
2025-09-20,GOLD,2122000
2025-09-21,GOLD,2122000
2025-09-22,GOLD,2123000
2025-09-23,GOLD,2164000
2025-09-24,GOLD,2174000
2025-09-25,GOLD,2171000
2025-09-26,GOLD,2175000
2025-09-27,GOLD,2191000
2025-09-28,GOLD,2191000
2025-09-29,GOLD,2222000
2025-09-30,GOLD,2234000
2025-10-01,GOLD,2237000
2025-10-02,GOLD,2235000
2025-10-03,GOLD,2235000
2025-10-04,GOLD,2239000
2025-10-05,GOLD,2239000
2025-10-06,GOLD,2250000
2025-10-07,GOLD,2284000
2025-10-08,GOLD,2296000
2025-10-09,GOLD,2303000
2025-10-10,GOLD,2294000
2025-10-11,GOLD,2299000
2025-10-12,GOLD,2299000
2025-10-13,GOLD,2331000
2025-10-14,GOLD,2360000
2025-10-15,GOLD,2383000
2025-10-16,GOLD,2407000
2025-10-17,GOLD,2485000
2025-10-18,GOLD,2428000
2025-10-19,GOLD,2428000
2025-10-20,GOLD,2415000
2025-10-21,GOLD,2487000
2025-10-22,GOLD,2337000
2025-10-23,GOLD,2321000
2025-10-24,GOLD,2354000
2025-10-25,GOLD,2350000
2025-10-26,GOLD,2350000
2025-10-27,GOLD,2327000
2025-10-28,GOLD,2282000
2025-10-29,GOLD,2267000
2025-10-30,GOLD,2263000
2025-10-31,GOLD,2305000
2025-11-01,GOLD,2290000
2025-11-02,GOLD,2290000
2025-11-03,GOLD,2278000
2025-11-04,GOLD,2286000
2025-11-05,GOLD,2260000
2025-11-06,GOLD,2287000
2025-11-07,GOLD,2296000
2025-11-08,GOLD,2299000
2025-11-09,GOLD,2299000
2025-11-10,GOLD,2333000
2025-11-11,GOLD,2360000
2025-11-12,GOLD,2367000
2025-11-13,GOLD,2396000
2025-11-14,GOLD,2398000
2025-11-15,GOLD,2348000
2025-11-16,GOLD,2348000
2025-11-17,GOLD,2351000
2025-11-18,GOLD,2322000
2025-11-19,GOLD,2343000
2025-11-20,GOLD,2364000
2025-11-21,GOLD,2348000
2025-11-22,GOLD,2341000
2025-11-23,GOLD,2341000
2025-11-24,GOLD,2340000
2025-11-25,GOLD,2380000
2025-11-26,GOLD,2378000
2025-11-27,GOLD,2387000
2025-11-28,GOLD,2383000
2025-11-29,GOLD,2413000
2025-11-30,GOLD,2413000
2025-12-01,GOLD,2415000
2025-12-02,GOLD,2425000
2025-12-03,GOLD,2412000
2025-12-04,GOLD,2406000
2025-12-05,GOLD,2407000
2025-12-06,GOLD,2404000
2025-12-07,GOLD,2404000
2025-12-08,GOLD,2409000
2025-12-09,GOLD,2403000
2025-12-10,GOLD,2416000
2025-12-11,GOLD,2431000
2025-12-12,GOLD,2453000
2025-12-13,GOLD,2462000
2025-12-14,GOLD,2462000
2025-12-15,GOLD,2464000
2025-12-16,GOLD,2464000
2025-12-17,GOLD,2470000
2025-12-18,GOLD,2487000
2025-12-19,GOLD,2483000
2025-12-20,GOLD,2491000
2025-12-21,GOLD,2491000
2025-12-22,GOLD,2502000
2025-12-23,GOLD,2561000
2025-12-24,GOLD,2590000
2025-12-25,GOLD,2576000
2025-12-26,GOLD,2589000
2025-12-27,GOLD,2605000
2025-12-28,GOLD,2605000
2025-12-29,GOLD,2596000
2025-12-30,GOLD,2501000
2025-12-31,GOLD,2501000
2026-01-01,GOLD,2488000
2026-01-02,GOLD,2504000
2026-01-03,GOLD,2488000
2026-01-04,GOLD,2488000
2026-01-05,GOLD,2515000
2026-01-06,GOLD,2549000
2026-01-07,GOLD,2584000
2026-01-08,GOLD,2570000
2026-01-09,GOLD,2577000
2026-01-10,GOLD,2602000
2026-01-11,GOLD,2602000
2026-01-12,GOLD,2631000
2026-01-13,GOLD,2652000
2026-01-14,GOLD,2665000
2026-01-15,GOLD,2675000
2026-01-16,GOLD,2669000
2026-01-17,GOLD,2663000
2026-01-18,GOLD,2663000
2026-01-19,GOLD,2703000
2026-01-20,GOLD,2737000
2026-01-21,GOLD,2805000
2026-01-22,GOLD,2790000
2026-01-23,GOLD,2880000
2026-01-24,GOLD,2887000
2026-01-25,GOLD,2887000
2026-01-26,GOLD,2917000
2026-01-27,GOLD,2916000
2026-01-28,GOLD,3003000
2026-01-29,GOLD,3168000
2026-01-30,GOLD,3120000
2026-01-31,GOLD,2860000
2026-02-01,GOLD,2860000
2026-02-02,GOLD,3027000
2026-02-03,GOLD,2844000
2026-02-04,GOLD,2973000
2026-02-05,GOLD,2956000
2026-02-06,GOLD,2890000
2026-02-07,GOLD,2920000
2026-02-08,GOLD,2920000
2026-02-09,GOLD,2940000
2026-02-10,GOLD,2954000
2026-02-11,GOLD,2947000
2026-02-12,GOLD,2947000
2026-02-13,GOLD,2904000
2026-02-14,GOLD,2954000
2026-02-15,GOLD,2954000
2026-02-16,GOLD,2940000
2026-02-17,GOLD,2918000
2026-02-18,GOLD,2912000
2026-02-19,GOLD,2916000
2026-02-20,GOLD,2944000
