date,xau_usd,inflasi_yoy_id,bi_7drr_rate
2019-01-01,1282.62,2.82,6.0
2019-01-02,1284.77,2.82,6.0
2019-01-03,1293.99,2.82,6.0
2019-01-04,1284.92,2.82,6.0
2019-01-05,1284.92,2.82,6.0
2019-01-06,1284.92,2.82,6.0
2019-01-07,1288.67,2.82,6.0
2019-01-08,1285.35,2.82,6.0
2019-01-09,1293.13,2.82,6.0
2019-01-10,1286.38,2.82,6.0
2019-01-11,1288.0,2.82,6.0
2019-01-12,1288.0,2.82,6.0
2019-01-13,1288.0,2.82,6.0
2019-01-14,1291.73,2.82,6.0
2019-01-15,1289.31,2.82,6.0
2019-01-16,1293.52,2.82,6.0
2019-01-17,1291.9,2.82,6.0
2019-01-18,1281.49,2.82,6.0
2019-01-19,1281.49,2.82,6.0
2019-01-20,1281.49,2.82,6.0
2019-01-21,1280.28,2.82,6.0
2019-01-22,1285.04,2.82,6.0
2019-01-23,1282.39,2.82,6.0
2019-01-24,1280.94,2.82,6.0
2019-01-25,1303.22,2.82,6.0
2019-01-26,1303.22,2.82,6.0
2019-01-27,1303.22,2.82,6.0
2019-01-28,1303.53,2.82,6.0
2019-01-29,1311.93,2.82,6.0
2019-01-30,1319.91,2.82,6.0
2019-01-31,1320.94,2.82,6.0
2019-02-01,1318.0,2.57,6.0
2019-02-02,1318.0,2.57,6.0
2019-02-03,1318.0,2.57,6.0
2019-02-04,1311.75,2.57,6.0
2019-02-05,1315.01,2.57,6.0
2019-02-06,1306.22,2.57,6.0
2019-02-07,1310.09,2.57,6.0
2019-02-08,1314.07,2.57,6.0
2019-02-09,1314.07,2.57,6.0
2019-02-10,1314.07,2.57,6.0
2019-02-11,1308.33,2.57,6.0
2019-02-12,1310.89,2.57,6.0
2019-02-13,1306.19,2.57,6.0
2019-02-14,1312.55,2.57,6.0
2019-02-15,1321.41,2.57,6.0
2019-02-16,1321.41,2.57,6.0
2019-02-17,1321.41,2.57,6.0
2019-02-18,1326.9,2.57,6.0
2019-02-19,1341.16,2.57,6.0
2019-02-20,1338.49,2.57,6.0
2019-02-21,1323.49,2.57,6.0
2019-02-22,1327.8,2.57,6.0
2019-02-23,1327.8,2.57,6.0
2019-02-24,1327.8,2.57,6.0
2019-02-25,1327.12,2.57,6.0
2019-02-26,1328.96,2.57,6.0
2019-02-27,1319.88,2.57,6.0
2019-02-28,1313.05,2.57,6.0
2019-03-01,1293.56,2.48,6.0
2019-03-02,1293.56,2.48,6.0
2019-03-03,1293.56,2.48,6.0
2019-03-04,1286.66,2.48,6.0
2019-03-05,1287.43,2.48,6.0
2019-03-06,1286.76,2.48,6.0
2019-03-07,1285.74,2.48,6.0
2019-03-08,1298.39,2.48,6.0
2019-03-09,1298.39,2.48,6.0
2019-03-10,1298.39,2.48,6.0
2019-03-11,1294.25,2.48,6.0
2019-03-12,1302.01,2.48,6.0
2019-03-13,1309.28,2.48,6.0
2019-03-14,1296.28,2.48,6.0
2019-03-15,1301.38,2.48,6.0
2019-03-16,1301.38,2.48,6.0
2019-03-17,1301.38,2.48,6.0
2019-03-18,1303.7,2.48,6.0
2019-03-19,1306.55,2.48,6.0
2019-03-20,1312.48,2.48,6.0
2019-03-21,1309.45,2.48,6.0
2019-03-22,1313.38,2.48,6.0
2019-03-23,1313.38,2.48,6.0
2019-03-24,1313.38,2.48,6.0
2019-03-25,1321.9,2.48,6.0
2019-03-26,1315.51,2.48,6.0
2019-03-27,1309.87,2.48,6.0
2019-03-28,1290.55,2.48,6.0
2019-03-29,1292.15,2.48,6.0
2019-03-30,1292.15,2.48,6.0
2019-03-31,1292.15,2.48,6.0
2019-04-01,1287.66,2.83,6.0
2019-04-02,1293.15,2.83,6.0
2019-04-03,1289.9,2.83,6.0
2019-04-04,1292.38,2.83,6.0
2019-04-05,1291.7,2.83,6.0
2019-04-06,1291.7,2.83,6.0
2019-04-07,1291.7,2.83,6.0
2019-04-08,1297.41,2.83,6.0
2019-04-09,1304.13,2.83,6.0
2019-04-10,1308.05,2.83,6.0
2019-04-11,1292.6,2.83,6.0
2019-04-12,1290.4,2.83,6.0
2019-04-13,1290.4,2.83,6.0
2019-04-14,1290.4,2.83,6.0
2019-04-15,1287.88,2.83,6.0
2019-04-16,1276.57,2.83,6.0
2019-04-17,1274.14,2.83,6.0
2019-04-18,1275.39,2.83,6.0
2019-04-19,1275.39,2.83,6.0
2019-04-20,1275.39,2.83,6.0
2019-04-21,1275.39,2.83,6.0
2019-04-22,1274.92,2.83,6.0
2019-04-23,1272.4,2.83,6.0
2019-04-24,1275.36,2.83,6.0
2019-04-25,1277.35,2.83,6.0
2019-04-26,1286.25,2.83,6.0
2019-04-27,1286.25,2.83,6.0
2019-04-28,1286.25,2.83,6.0
2019-04-29,1279.8,2.83,6.0
2019-04-30,1283.6,2.83,6.0
2019-05-01,1276.61,3.32,6.0
2019-05-02,1270.54,3.32,6.0
2019-05-03,1279.19,3.32,6.0
2019-05-04,1279.19,3.32,6.0
2019-05-05,1279.19,3.32,6.0
2019-05-06,1280.33,3.32,6.0
2019-05-07,1285.15,3.32,6.0
2019-05-08,1280.93,3.32,6.0
2019-05-09,1284.14,3.32,6.0
2019-05-10,1286.0,3.32,6.0
2019-05-11,1286.0,3.32,6.0
2019-05-12,1286.0,3.32,6.0
2019-05-13,1299.9,3.32,6.0
2019-05-14,1297.03,3.32,6.0
2019-05-15,1296.66,3.32,6.0
2019-05-16,1286.65,3.32,6.0
2019-05-17,1277.55,3.32,6.0
2019-05-18,1277.55,3.32,6.0
2019-05-19,1277.55,3.32,6.0
2019-05-20,1277.74,3.32,6.0
2019-05-21,1274.97,3.32,6.0
2019-05-22,1273.62,3.32,6.0
2019-05-23,1283.45,3.32,6.0
2019-05-24,1284.89,3.32,6.0
2019-05-25,1284.89,3.32,6.0
2019-05-26,1284.89,3.32,6.0
2019-05-27,1285.2,3.32,6.0
2019-05-28,1279.49,3.32,6.0
2019-05-29,1279.6,3.32,6.0
2019-05-30,1288.85,3.32,6.0
2019-05-31,1305.65,3.32,6.0
2019-06-01,1305.65,3.28,6.0
2019-06-02,1305.65,3.28,6.0
2019-06-03,1325.17,3.28,6.0
2019-06-04,1325.28,3.28,6.0
2019-06-05,1330.18,3.28,6.0
2019-06-06,1335.55,3.28,6.0
2019-06-07,1340.7,3.28,6.0
2019-06-08,1340.7,3.28,6.0
2019-06-09,1340.7,3.28,6.0
2019-06-10,1328.13,3.28,6.0
2019-06-11,1326.91,3.28,6.0
2019-06-12,1333.55,3.28,6.0
2019-06-13,1342.35,3.28,6.0
2019-06-14,1341.58,3.28,6.0
2019-06-15,1341.58,3.28,6.0
2019-06-16,1341.58,3.28,6.0
2019-06-17,1339.54,3.28,6.0
2019-06-18,1346.48,3.28,6.0
2019-06-19,1360.27,3.28,6.0
2019-06-20,1388.18,3.28,6.0
2019-06-21,1399.05,3.28,6.0
2019-06-22,1399.05,3.28,6.0
2019-06-23,1399.05,3.28,6.0
2019-06-24,1419.55,3.28,6.0
2019-06-25,1423.25,3.28,6.0
2019-06-26,1408.75,3.28,6.0
2019-06-27,1409.68,3.28,6.0
2019-06-28,1409.5,3.28,6.0
2019-06-29,1409.5,3.28,6.0
2019-06-30,1409.5,3.28,6.0
2019-07-01,1384.31,3.32,6.0
2019-07-02,1418.44,3.32,6.0
2019-07-03,1418.94,3.32,6.0
2019-07-04,1415.64,3.32,6.0
2019-07-05,1399.95,3.32,6.0
2019-07-06,1399.95,3.32,6.0
2019-07-07,1399.95,3.32,6.0
2019-07-08,1395.5,3.32,6.0
2019-07-09,1397.9,3.32,6.0
2019-07-10,1419.0,3.32,6.0
2019-07-11,1404.0,3.32,6.0
2019-07-12,1415.74,3.32,6.0
2019-07-13,1415.74,3.32,6.0
2019-07-14,1415.74,3.32,6.0
2019-07-15,1414.08,3.32,6.0
2019-07-16,1406.33,3.32,6.0
2019-07-17,1426.8,3.32,6.0
2019-07-18,1446.3,3.32,5.75
2019-07-19,1425.3,3.32,5.75
2019-07-20,1425.3,3.32,5.75
2019-07-21,1425.3,3.32,5.75
2019-07-22,1425.12,3.32,5.75
2019-07-23,1417.39,3.32,5.75
2019-07-24,1425.9,3.32,5.75
2019-07-25,1414.53,3.32,5.75
2019-07-26,1418.69,3.32,5.75
2019-07-27,1418.69,3.32,5.75
2019-07-28,1418.69,3.32,5.75
2019-07-29,1426.94,3.32,5.75
2019-07-30,1430.85,3.32,5.75
2019-07-31,1413.8,3.32,5.75
2019-08-01,1445.31,3.49,5.75
2019-08-02,1440.7,3.49,5.75
2019-08-03,1440.7,3.49,5.75
2019-08-04,1440.7,3.49,5.75
2019-08-05,1463.8,3.49,5.75
2019-08-06,1474.27,3.49,5.75
2019-08-07,1501.2,3.49,5.75
2019-08-08,1500.95,3.49,5.75
2019-08-09,1497.24,3.49,5.75
2019-08-10,1497.24,3.49,5.75
2019-08-11,1497.24,3.49,5.75
2019-08-12,1511.4,3.49,5.75
2019-08-13,1501.39,3.49,5.75
2019-08-14,1516.34,3.49,5.75
2019-08-15,1523.2,3.49,5.75
2019-08-16,1514.15,3.49,5.75
2019-08-17,1514.15,3.49,5.75
2019-08-18,1514.15,3.49,5.75
2019-08-19,1495.3,3.49,5.75
2019-08-20,1507.1,3.49,5.75
2019-08-21,1502.3,3.49,5.75
2019-08-22,1498.8,3.49,5.5
2019-08-23,1526.85,3.49,5.5
2019-08-24,1526.85,3.49,5.5
2019-08-25,1526.85,3.49,5.5
2019-08-26,1526.35,3.49,5.5
2019-08-27,1542.64,3.49,5.5
2019-08-28,1539.1,3.49,5.5
2019-08-29,1527.7,3.49,5.5
2019-08-30,1520.25,3.49,5.5
2019-08-31,1520.25,3.49,5.5
2019-09-01,1520.25,3.39,5.5
2019-09-02,1530.59,3.39,5.5
2019-09-03,1547.0,3.39,5.5
2019-09-04,1552.6,3.39,5.5
2019-09-05,1519.35,3.39,5.5
2019-09-06,1506.95,3.39,5.5
2019-09-07,1506.95,3.39,5.5
2019-09-08,1506.95,3.39,5.5
2019-09-09,1498.95,3.39,5.5
2019-09-10,1486.4,3.39,5.5
2019-09-11,1497.6,3.39,5.5
2019-09-12,1498.95,3.39,5.5
2019-09-13,1488.7,3.39,5.5
2019-09-14,1488.7,3.39,5.5
2019-09-15,1488.7,3.39,5.5
2019-09-16,1498.8,3.39,5.5
2019-09-17,1503.1,3.39,5.5
2019-09-18,1493.9,3.39,5.5
2019-09-19,1499.2,3.39,5.25
2019-09-20,1517.15,3.39,5.25
2019-09-21,1517.15,3.39,5.25
2019-09-22,1517.15,3.39,5.25
2019-09-23,1522.12,3.39,5.25
2019-09-24,1532.3,3.39,5.25
2019-09-25,1504.15,3.39,5.25
2019-09-26,1505.8,3.39,5.25
2019-09-27,1496.94,3.39,5.25
2019-09-28,1496.94,3.39,5.25
2019-09-29,1496.94,3.39,5.25
2019-09-30,1472.25,3.39,5.25
2019-10-01,1478.98,3.13,5.25
2019-10-02,1499.51,3.13,5.25
2019-10-03,1505.0,3.13,5.25
2019-10-04,1504.6,3.13,5.25
2019-10-05,1504.6,3.13,5.25
2019-10-06,1504.6,3.13,5.25
2019-10-07,1493.6,3.13,5.25
2019-10-08,1505.51,3.13,5.25
2019-10-09,1505.7,3.13,5.25
2019-10-10,1494.3,3.13,5.25
2019-10-11,1489.85,3.13,5.25
2019-10-12,1489.85,3.13,5.25
2019-10-13,1489.85,3.13,5.25
2019-10-14,1492.9,3.13,5.25
2019-10-15,1481.17,3.13,5.25
2019-10-16,1489.77,3.13,5.25
2019-10-17,1491.89,3.13,5.25
2019-10-18,1490.1,3.13,5.25
2019-10-19,1490.1,3.13,5.25
2019-10-20,1490.1,3.13,5.25
2019-10-21,1484.5,3.13,5.25
2019-10-22,1488.05,3.13,5.25
2019-10-23,1492.1,3.13,5.25
2019-10-24,1503.65,3.13,5.0
2019-10-25,1504.73,3.13,5.0
2019-10-26,1504.73,3.13,5.0
2019-10-27,1504.73,3.13,5.0
2019-10-28,1492.69,3.13,5.0
2019-10-29,1487.6,3.13,5.0
2019-10-30,1495.4,3.13,5.0
2019-10-31,1513.36,3.13,5.0
2019-11-01,1513.95,3.0,5.0
2019-11-02,1513.95,3.0,5.0
2019-11-03,1513.95,3.0,5.0
2019-11-04,1509.63,3.0,5.0
2019-11-05,1484.1,3.0,5.0
2019-11-06,1490.46,3.0,5.0
2019-11-07,1468.07,3.0,5.0
2019-11-08,1458.66,3.0,5.0
2019-11-09,1458.66,3.0,5.0
2019-11-10,1458.66,3.0,5.0
2019-11-11,1455.9,3.0,5.0
2019-11-12,1457.19,3.0,5.0
2019-11-13,1463.19,3.0,5.0
2019-11-14,1471.2,3.0,5.0
2019-11-15,1467.37,3.0,5.0
2019-11-16,1467.37,3.0,5.0
2019-11-17,1467.37,3.0,5.0
2019-11-18,1470.85,3.0,5.0
2019-11-19,1472.38,3.0,5.0
2019-11-20,1471.25,3.0,5.0
2019-11-21,1464.4,3.0,5.0
2019-11-22,1462.29,3.0,5.0
2019-11-23,1462.29,3.0,5.0
2019-11-24,1462.29,3.0,5.0
2019-11-25,1454.97,3.0,5.0
2019-11-26,1461.6,3.0,5.0
2019-11-27,1454.35,3.0,5.0
2019-11-28,1458.34,3.0,5.0
2019-11-29,1464.8,3.0,5.0
2019-11-30,1464.8,3.0,5.0
2019-12-01,1464.8,2.72,5.0
2019-12-02,1462.44,2.72,5.0
2019-12-03,1477.34,2.72,5.0
2019-12-04,1474.35,2.72,5.0
2019-12-05,1475.7,2.72,5.0
2019-12-06,1459.76,2.72,5.0
2019-12-07,1459.76,2.72,5.0
2019-12-08,1459.76,2.72,5.0
2019-12-09,1461.99,2.72,5.0
2019-12-10,1464.21,2.72,5.0
2019-12-11,1474.85,2.72,5.0
2019-12-12,1469.43,2.72,5.0
2019-12-13,1475.81,2.72,5.0
2019-12-14,1475.81,2.72,5.0
2019-12-15,1475.81,2.72,5.0
2019-12-16,1476.25,2.72,5.0
2019-12-17,1476.45,2.72,5.0
2019-12-18,1475.44,2.72,5.0
2019-12-19,1479.15,2.72,5.0
2019-12-20,1478.2,2.72,5.0
2019-12-21,1478.2,2.72,5.0
2019-12-22,1478.2,2.72,5.0
2019-12-23,1485.52,2.72,5.0
2019-12-24,1499.56,2.72,5.0
2019-12-25,1499.55,2.72,5.0
2019-12-26,1511.55,2.72,5.0
2019-12-27,1510.67,2.72,5.0
2019-12-28,1510.67,2.72,5.0
2019-12-29,1510.67,2.72,5.0
2019-12-30,1515.22,2.72,5.0
2019-12-31,1517.39,2.72,5.0
2020-01-01,1517.3,2.68,5.0
2020-01-02,1528.94,2.68,5.0
2020-01-03,1551.65,2.68,5.0
2020-01-04,1551.65,2.68,5.0
2020-01-05,1551.65,2.68,5.0
2020-01-06,1565.96,2.68,5.0
2020-01-07,1573.99,2.68,5.0
2020-01-08,1555.81,2.68,5.0
2020-01-09,1552.37,2.68,5.0
2020-01-10,1562.28,2.68,5.0
2020-01-11,1562.28,2.68,5.0
2020-01-12,1562.28,2.68,5.0
2020-01-13,1548.3,2.68,5.0
2020-01-14,1546.37,2.68,5.0
2020-01-15,1556.19,2.68,5.0
2020-01-16,1552.79,2.68,5.0
2020-01-17,1556.61,2.68,5.0
2020-01-18,1556.61,2.68,5.0
2020-01-19,1556.61,2.68,5.0
2020-01-20,1561.58,2.68,5.0
2020-01-21,1558.02,2.68,5.0
2020-01-22,1558.91,2.68,5.0
2020-01-23,1563.33,2.68,5.0
2020-01-24,1570.65,2.68,5.0
2020-01-25,1570.65,2.68,5.0
2020-01-26,1570.65,2.68,5.0
2020-01-27,1581.95,2.68,5.0
2020-01-28,1566.24,2.68,5.0
2020-01-29,1577.12,2.68,5.0
2020-01-30,1574.22,2.68,5.0
2020-01-31,1590.2,2.68,5.0
2020-02-01,1590.2,2.98,5.0
2020-02-02,1590.2,2.98,5.0
2020-02-03,1576.45,2.98,5.0
2020-02-04,1552.55,2.98,5.0
2020-02-05,1556.7,2.98,5.0
2020-02-06,1566.85,2.98,5.0
2020-02-07,1570.29,2.98,5.0
2020-02-08,1570.29,2.98,5.0
2020-02-09,1570.29,2.98,5.0
2020-02-10,1572.3,2.98,5.0
2020-02-11,1567.72,2.98,5.0
2020-02-12,1565.63,2.98,5.0
2020-02-13,1576.39,2.98,5.0
2020-02-14,1584.7,2.98,5.0
2020-02-15,1584.7,2.98,5.0
2020-02-16,1584.7,2.98,5.0
2020-02-17,1581.1,2.98,5.0
2020-02-18,1601.91,2.98,5.0
2020-02-19,1611.64,2.98,5.0
2020-02-20,1619.7,2.98,4.75
2020-02-21,1643.7,2.98,4.75
2020-02-22,1643.7,2.98,4.75
2020-02-23,1643.7,2.98,4.75
2020-02-24,1660.72,2.98,4.75
2020-02-25,1635.38,2.98,4.75
2020-02-26,1639.96,2.98,4.75
2020-02-27,1642.35,2.98,4.75
2020-02-28,1585.12,2.98,4.75
2020-02-29,1585.12,2.98,4.75
2020-03-01,1585.12,2.96,4.75
2020-03-02,1590.73,2.96,4.75
2020-03-03,1639.77,2.96,4.75
2020-03-04,1635.83,2.96,4.75
2020-03-05,1670.61,2.96,4.75
2020-03-06,1674.23,2.96,4.75
2020-03-07,1674.23,2.96,4.75
2020-03-08,1674.23,2.96,4.75
2020-03-09,1680.2,2.96,4.75
2020-03-10,1649.36,2.96,4.75
2020-03-11,1635.03,2.96,4.75
2020-03-12,1577.09,2.96,4.75
2020-03-13,1529.7,2.96,4.75
2020-03-14,1529.7,2.96,4.75
2020-03-15,1529.7,2.96,4.75
2020-03-16,1514.61,2.96,4.75
2020-03-17,1528.58,2.96,4.75
2020-03-18,1486.3,2.96,4.75
2020-03-19,1471.0,2.96,4.5
2020-03-20,1498.24,2.96,4.5
2020-03-21,1498.24,2.96,4.5
2020-03-22,1498.24,2.96,4.5
2020-03-23,1553.81,2.96,4.5
2020-03-24,1622.03,2.96,4.5
2020-03-25,1613.79,2.96,4.5
2020-03-26,1632.38,2.96,4.5
2020-03-27,1623.5,2.96,4.5
2020-03-28,1623.5,2.96,4.5
2020-03-29,1623.5,2.96,4.5
2020-03-30,1623.3,2.96,4.5
2020-03-31,1571.31,2.96,4.5
2020-04-01,1595.05,2.67,4.5
2020-04-02,1613.79,2.67,4.5
2020-04-03,1618.45,2.67,4.5
2020-04-04,1618.45,2.67,4.5
2020-04-05,1618.45,2.67,4.5
2020-04-06,1663.0,2.67,4.5
2020-04-07,1648.95,2.67,4.5
2020-04-08,1646.52,2.67,4.5
2020-04-09,1684.07,2.67,4.5
2020-04-10,1689.9,2.67,4.5
2020-04-11,1689.9,2.67,4.5
2020-04-12,1689.9,2.67,4.5
2020-04-13,1714.32,2.67,4.5
2020-04-14,1729.7,2.67,4.5
2020-04-15,1716.6,2.67,4.5
2020-04-16,1718.4,2.67,4.5
2020-04-17,1684.69,2.67,4.5
2020-04-18,1684.69,2.67,4.5
2020-04-19,1684.69,2.67,4.5
2020-04-20,1694.12,2.67,4.5
2020-04-21,1687.02,2.67,4.5
2020-04-22,1714.82,2.67,4.5
2020-04-23,1731.59,2.67,4.5
2020-04-24,1729.43,2.67,4.5
2020-04-25,1729.43,2.67,4.5
2020-04-26,1729.43,2.67,4.5
2020-04-27,1715.57,2.67,4.5
2020-04-28,1708.63,2.67,4.5
2020-04-29,1712.38,2.67,4.5
2020-04-30,1685.05,2.67,4.5
2020-05-01,1700.41,2.19,4.5
2020-05-02,1700.41,2.19,4.5
2020-05-03,1700.41,2.19,4.5
2020-05-04,1701.69,2.19,4.5
2020-05-05,1707.17,2.19,4.5
2020-05-06,1685.88,2.19,4.5
2020-05-07,1717.94,2.19,4.5
2020-05-08,1702.65,2.19,4.5
2020-05-09,1702.65,2.19,4.5
2020-05-10,1702.65,2.19,4.5
2020-05-11,1697.35,2.19,4.5
2020-05-12,1702.72,2.19,4.5
2020-05-13,1715.99,2.19,4.5
2020-05-14,1730.65,2.19,4.5
2020-05-15,1743.0,2.19,4.5
2020-05-16,1743.0,2.19,4.5
2020-05-17,1743.0,2.19,4.5
2020-05-18,1732.32,2.19,4.5
2020-05-19,1745.11,2.19,4.5
2020-05-20,1749.5,2.19,4.5
2020-05-21,1726.34,2.19,4.5
2020-05-22,1736.07,2.19,4.5
2020-05-23,1736.07,2.19,4.5
2020-05-24,1736.07,2.19,4.5
2020-05-25,1729.57,2.19,4.5
2020-05-26,1712.45,2.19,4.5
2020-05-27,1709.25,2.19,4.5
2020-05-28,1719.4,2.19,4.5
2020-05-29,1728.3,2.19,4.5
2020-05-30,1728.3,2.19,4.5
2020-05-31,1728.3,2.19,4.5
2020-06-01,1740.34,1.96,4.5
2020-06-02,1727.97,1.96,4.5
2020-06-03,1698.63,1.96,4.5
2020-06-04,1711.84,1.96,4.5
2020-06-05,1685.83,1.96,4.5
2020-06-06,1685.83,1.96,4.5
2020-06-07,1685.83,1.96,4.5
2020-06-08,1695.47,1.96,4.5
2020-06-09,1714.57,1.96,4.5
2020-06-10,1737.1,1.96,4.5
2020-06-11,1727.51,1.96,4.5
2020-06-12,1730.8,1.96,4.5
2020-06-13,1730.8,1.96,4.5
2020-06-14,1730.8,1.96,4.5
2020-06-15,1725.53,1.96,4.5
2020-06-16,1727.46,1.96,4.5
2020-06-17,1727.04,1.96,4.5
2020-06-18,1722.99,1.96,4.25
2020-06-19,1743.62,1.96,4.25
2020-06-20,1743.62,1.96,4.25
2020-06-21,1743.62,1.96,4.25
2020-06-22,1755.44,1.96,4.25
2020-06-23,1767.54,1.96,4.25
2020-06-24,1762.43,1.96,4.25
2020-06-25,1761.82,1.96,4.25
2020-06-26,1771.47,1.96,4.25
2020-06-27,1771.47,1.96,4.25
2020-06-28,1771.47,1.96,4.25
2020-06-29,1772.28,1.96,4.25
2020-06-30,1781.66,1.96,4.25
2020-07-01,1770.32,1.54,4.25
2020-07-02,1776.13,1.54,4.25
2020-07-03,1775.05,1.54,4.25
2020-07-04,1775.05,1.54,4.25
2020-07-05,1775.05,1.54,4.25
2020-07-06,1783.9,1.54,4.25
2020-07-07,1795.26,1.54,4.25
2020-07-08,1810.78,1.54,4.25
2020-07-09,1803.19,1.54,4.25
2020-07-10,1798.89,1.54,4.25
2020-07-11,1798.89,1.54,4.25
2020-07-12,1798.89,1.54,4.25
2020-07-13,1803.39,1.54,4.25
2020-07-14,1807.78,1.54,4.25
2020-07-15,1811.9,1.54,4.25
2020-07-16,1797.05,1.54,4.0
2020-07-17,1809.9,1.54,4.0
2020-07-18,1809.9,1.54,4.0
2020-07-19,1809.9,1.54,4.0
2020-07-20,1816.09,1.54,4.0
2020-07-21,1842.22,1.54,4.0
2020-07-22,1872.07,1.54,4.0
2020-07-23,1887.44,1.54,4.0
2020-07-24,1901.46,1.54,4.0
2020-07-25,1901.46,1.54,4.0
2020-07-26,1901.46,1.54,4.0
2020-07-27,1942.42,1.54,4.0
2020-07-28,1959.5,1.54,4.0
2020-07-29,1970.73,1.54,4.0
2020-07-30,1960.5,1.54,4.0
2020-07-31,1975.89,1.54,4.0
2020-08-01,1975.89,1.32,4.0
2020-08-02,1975.89,1.32,4.0
2020-08-03,1977.25,1.32,4.0
2020-08-04,2018.52,1.32,4.0
2020-08-05,2040.4,1.32,4.0
2020-08-06,2063.81,1.32,4.0
2020-08-07,2035.03,1.32,4.0
2020-08-08,2035.03,1.32,4.0
2020-08-09,2035.03,1.32,4.0
2020-08-10,2027.77,1.32,4.0
2020-08-11,1911.64,1.32,4.0
2020-08-12,1918.07,1.32,4.0
2020-08-13,1954.0,1.32,4.0
2020-08-14,1944.29,1.32,4.0
2020-08-15,1944.29,1.32,4.0
2020-08-16,1944.29,1.32,4.0
2020-08-17,1986.2,1.32,4.0
2020-08-18,2001.2,1.32,4.0
2020-08-19,1929.82,1.32,4.0
2020-08-20,1943.6,1.32,4.0
2020-08-21,1940.16,1.32,4.0
2020-08-22,1940.16,1.32,4.0
2020-08-23,1940.16,1.32,4.0
2020-08-24,1933.09,1.32,4.0
2020-08-25,1928.19,1.32,4.0
2020-08-26,1954.03,1.32,4.0
2020-08-27,1929.2,1.32,4.0
2020-08-28,1964.89,1.32,4.0
2020-08-29,1964.89,1.32,4.0
2020-08-30,1964.89,1.32,4.0
2020-08-31,1970.15,1.32,4.0
2020-09-01,1970.49,1.42,4.0
2020-09-02,1942.98,1.42,4.0
2020-09-03,1930.85,1.42,4.0
2020-09-04,1932.85,1.42,4.0
2020-09-05,1932.85,1.42,4.0
2020-09-06,1932.85,1.42,4.0
2020-09-07,1929.18,1.42,4.0
2020-09-08,1931.26,1.42,4.0
2020-09-09,1946.66,1.42,4.0
2020-09-10,1954.07,1.42,4.0
2020-09-11,1941.5,1.42,4.0
2020-09-12,1941.5,1.42,4.0
2020-09-13,1941.5,1.42,4.0
2020-09-14,1956.37,1.42,4.0
2020-09-15,1955.52,1.42,4.0
2020-09-16,1959.32,1.42,4.0
2020-09-17,1942.6,1.42,4.0
2020-09-18,1949.69,1.42,4.0
2020-09-19,1949.69,1.42,4.0
2020-09-20,1949.69,1.42,4.0
2020-09-21,1912.57,1.42,4.0
2020-09-22,1899.28,1.42,4.0
2020-09-23,1863.55,1.42,4.0
2020-09-24,1868.04,1.42,4.0
2020-09-25,1860.05,1.42,4.0
2020-09-26,1860.05,1.42,4.0
2020-09-27,1860.05,1.42,4.0
2020-09-28,1880.85,1.42,4.0
2020-09-29,1897.69,1.42,4.0
2020-09-30,1885.44,1.42,4.0
2020-10-01,1905.05,1.44,4.0
2020-10-02,1898.7,1.44,4.0
2020-10-03,1898.7,1.44,4.0
2020-10-04,1898.7,1.44,4.0
2020-10-05,1912.9,1.44,4.0
2020-10-06,1877.13,1.44,4.0
2020-10-07,1887.22,1.44,4.0
2020-10-08,1893.09,1.44,4.0
2020-10-09,1929.43,1.44,4.0
2020-10-10,1929.43,1.44,4.0
2020-10-11,1929.43,1.44,4.0
2020-10-12,1921.95,1.44,4.0
2020-10-13,1890.82,1.44,4.0
2020-10-14,1900.89,1.44,4.0
2020-10-15,1907.82,1.44,4.0
2020-10-16,1898.97,1.44,4.0
2020-10-17,1898.97,1.44,4.0
2020-10-18,1898.97,1.44,4.0
2020-10-19,1904.27,1.44,4.0
2020-10-20,1906.39,1.44,4.0
2020-10-21,1924.49,1.44,4.0
2020-10-22,1904.04,1.44,4.0
2020-10-23,1900.79,1.44,4.0
2020-10-24,1900.79,1.44,4.0
2020-10-25,1900.79,1.44,4.0
2020-10-26,1901.69,1.44,4.0
2020-10-27,1906.83,1.44,4.0
2020-10-28,1877.06,1.44,4.0
2020-10-29,1867.13,1.44,4.0
2020-10-30,1877.95,1.44,4.0
2020-10-31,1877.95,1.44,4.0
2020-11-01,1877.95,1.59,4.0
2020-11-02,1895.1,1.59,4.0
2020-11-03,1908.36,1.59,4.0
2020-11-04,1903.21,1.59,4.0
2020-11-05,1948.56,1.59,4.0
2020-11-06,1951.51,1.59,4.0
2020-11-07,1951.51,1.59,4.0
2020-11-08,1951.51,1.59,4.0
2020-11-09,1861.86,1.59,4.0
2020-11-10,1876.5,1.59,4.0
2020-11-11,1864.71,1.59,4.0
2020-11-12,1875.76,1.59,4.0
2020-11-13,1888.04,1.59,4.0
2020-11-14,1888.04,1.59,4.0
2020-11-15,1888.04,1.59,4.0
2020-11-16,1888.52,1.59,4.0
2020-11-17,1878.6,1.59,4.0
2020-11-18,1871.41,1.59,4.0
2020-11-19,1867.37,1.59,3.75
2020-11-20,1870.49,1.59,3.75
2020-11-21,1870.49,1.59,3.75
2020-11-22,1870.49,1.59,3.75
2020-11-23,1835.85,1.59,3.75
2020-11-24,1807.51,1.59,3.75
2020-11-25,1805.3,1.59,3.75
2020-11-26,1810.57,1.59,3.75
2020-11-27,1788.13,1.59,3.75
2020-11-28,1788.13,1.59,3.75
2020-11-29,1788.13,1.59,3.75
2020-11-30,1777.02,1.59,3.75
2020-12-01,1814.87,1.68,3.75
2020-12-02,1831.01,1.68,3.75
2020-12-03,1840.36,1.68,3.75
2020-12-04,1837.61,1.68,3.75
2020-12-05,1837.61,1.68,3.75
2020-12-06,1837.61,1.68,3.75
2020-12-07,1863.69,1.68,3.75
2020-12-08,1871.36,1.68,3.75
2020-12-09,1839.11,1.68,3.75
2020-12-10,1835.31,1.68,3.75
2020-12-11,1839.03,1.68,3.75
2020-12-12,1839.03,1.68,3.75
2020-12-13,1839.03,1.68,3.75
2020-12-14,1827.17,1.68,3.75
2020-12-15,1853.46,1.68,3.75
2020-12-16,1864.15,1.68,3.75
2020-12-17,1885.87,1.68,3.75
2020-12-18,1880.66,1.68,3.75
2020-12-19,1880.66,1.68,3.75
2020-12-20,1880.66,1.68,3.75
2020-12-21,1876.21,1.68,3.75
2020-12-22,1859.56,1.68,3.75
2020-12-23,1872.08,1.68,3.75
2020-12-24,1876.56,1.68,3.75
2020-12-25,1875.82,1.68,3.75
2020-12-26,1875.82,1.68,3.75
2020-12-27,1875.82,1.68,3.75
2020-12-28,1871.19,1.68,3.75
2020-12-29,1877.99,1.68,3.75
2020-12-30,1893.37,1.68,3.75
2020-12-31,1896.49,1.68,3.75
2021-01-01,1898.1,1.55,3.75
2021-01-02,1898.1,1.55,3.75
2021-01-03,1898.1,1.55,3.75
2021-01-04,1942.28,1.55,3.75
2021-01-05,1949.35,1.55,3.75
2021-01-06,1918.81,1.55,3.75
2021-01-07,1912.5,1.55,3.75
2021-01-08,1848.26,1.55,3.75
2021-01-09,1848.26,1.55,3.75
2021-01-10,1848.26,1.55,3.75
2021-01-11,1844.66,1.55,3.75
2021-01-12,1855.63,1.55,3.75
2021-01-13,1843.41,1.55,3.75
2021-01-14,1846.37,1.55,3.75
2021-01-15,1826.59,1.55,3.75
2021-01-16,1826.59,1.55,3.75
2021-01-17,1826.59,1.55,3.75
2021-01-18,1836.89,1.55,3.75
2021-01-19,1839.34,1.55,3.75
2021-01-20,1870.91,1.55,3.75
2021-01-21,1869.91,1.55,3.75
2021-01-22,1852.55,1.55,3.75
2021-01-23,1852.55,1.55,3.75
2021-01-24,1852.55,1.55,3.75
2021-01-25,1854.99,1.55,3.75
2021-01-26,1850.31,1.55,3.75
2021-01-27,1843.99,1.55,3.75
2021-01-28,1840.36,1.55,3.75
2021-01-29,1846.09,1.55,3.75
2021-01-30,1846.09,1.55,3.75
2021-01-31,1846.09,1.55,3.75
2021-02-01,1860.16,1.38,3.75
2021-02-02,1837.35,1.38,3.75
2021-02-03,1833.76,1.38,3.75
2021-02-04,1792.26,1.38,3.75
2021-02-05,1811.62,1.38,3.75
2021-02-06,1811.62,1.38,3.75
2021-02-07,1811.62,1.38,3.75
2021-02-08,1830.16,1.38,3.75
2021-02-09,1837.06,1.38,3.75
2021-02-10,1842.22,1.38,3.75
2021-02-11,1825.36,1.38,3.75
2021-02-12,1823.46,1.38,3.75
2021-02-13,1823.46,1.38,3.75
2021-02-14,1823.46,1.38,3.75
2021-02-15,1818.51,1.38,3.75
2021-02-16,1794.31,1.38,3.75
2021-02-17,1776.26,1.38,3.75
2021-02-18,1775.49,1.38,3.5
2021-02-19,1782.31,1.38,3.5
2021-02-20,1782.31,1.38,3.5
2021-02-21,1782.31,1.38,3.5
2021-02-22,1808.66,1.38,3.5
2021-02-23,1805.06,1.38,3.5
2021-02-24,1804.36,1.38,3.5
2021-02-25,1769.88,1.38,3.5
2021-02-26,1733.49,1.38,3.5
2021-02-27,1733.49,1.38,3.5
2021-02-28,1733.49,1.38,3.5
2021-03-01,1723.84,1.37,3.5
2021-03-02,1738.09,1.37,3.5
2021-03-03,1710.95,1.37,3.5
2021-03-04,1697.19,1.37,3.5
2021-03-05,1700.86,1.37,3.5
2021-03-06,1700.86,1.37,3.5
2021-03-07,1700.86,1.37,3.5
2021-03-08,1681.24,1.37,3.5
2021-03-09,1715.36,1.37,3.5
2021-03-10,1726.05,1.37,3.5
2021-03-11,1721.41,1.37,3.5
2021-03-12,1726.41,1.37,3.5
2021-03-13,1726.41,1.37,3.5
2021-03-14,1726.41,1.37,3.5
2021-03-15,1731.84,1.37,3.5
2021-03-16,1730.94,1.37,3.5
2021-03-17,1744.44,1.37,3.5
2021-03-18,1736.41,1.37,3.5
2021-03-19,1744.74,1.37,3.5
2021-03-20,1744.74,1.37,3.5
2021-03-21,1744.74,1.37,3.5
2021-03-22,1738.69,1.37,3.5
2021-03-23,1727.11,1.37,3.5
2021-03-24,1734.19,1.37,3.5
2021-03-25,1726.82,1.37,3.5
2021-03-26,1731.97,1.37,3.5
2021-03-27,1731.97,1.37,3.5
2021-03-28,1731.97,1.37,3.5
2021-03-29,1711.99,1.37,3.5
2021-03-30,1684.8,1.37,3.5
2021-03-31,1707.01,1.37,3.5
2021-04-01,1730.18,1.42,3.5
2021-04-02,1728.84,1.42,3.5
2021-04-03,1728.84,1.42,3.5
2021-04-04,1728.84,1.42,3.5
2021-04-05,1728.44,1.42,3.5
2021-04-06,1743.57,1.42,3.5
2021-04-07,1737.28,1.42,3.5
2021-04-08,1755.94,1.42,3.5
2021-04-09,1743.1,1.42,3.5
2021-04-10,1743.1,1.42,3.5
2021-04-11,1743.1,1.42,3.5
2021-04-12,1732.51,1.42,3.5
2021-04-13,1743.83,1.42,3.5
2021-04-14,1736.0,1.42,3.5
2021-04-15,1763.21,1.42,3.5
2021-04-16,1776.31,1.42,3.5
2021-04-17,1776.31,1.42,3.5
2021-04-18,1776.31,1.42,3.5
2021-04-19,1769.31,1.42,3.5
2021-04-20,1777.25,1.42,3.5
2021-04-21,1793.46,1.42,3.5
2021-04-22,1783.94,1.42,3.5
2021-04-23,1777.18,1.42,3.5
2021-04-24,1777.18,1.42,3.5
2021-04-25,1777.18,1.42,3.5
2021-04-26,1780.19,1.42,3.5
2021-04-27,1776.69,1.42,3.5
2021-04-28,1781.32,1.42,3.5
2021-04-29,1771.24,1.42,3.5
2021-04-30,1768.59,1.42,3.5
2021-05-01,1768.59,1.68,3.5
2021-05-02,1768.59,1.68,3.5
2021-05-03,1792.36,1.68,3.5
2021-05-04,1778.48,1.68,3.5
2021-05-05,1786.44,1.68,3.5
2021-05-06,1815.18,1.68,3.5
2021-05-07,1830.48,1.68,3.5
2021-05-08,1830.48,1.68,3.5
2021-05-09,1830.48,1.68,3.5
2021-05-10,1835.44,1.68,3.5
2021-05-11,1836.94,1.68,3.5
2021-05-12,1815.44,1.68,3.5
2021-05-13,1826.57,1.68,3.5
2021-05-14,1842.19,1.68,3.5
2021-05-15,1842.19,1.68,3.5
2021-05-16,1842.19,1.68,3.5
2021-05-17,1866.13,1.68,3.5
2021-05-18,1868.22,1.68,3.5
2021-05-19,1869.57,1.68,3.5
2021-05-20,1876.69,1.68,3.5
2021-05-21,1880.3,1.68,3.5
2021-05-22,1880.3,1.68,3.5
2021-05-23,1880.3,1.68,3.5
2021-05-24,1881.07,1.68,3.5
2021-05-25,1899.26,1.68,3.5
2021-05-26,1896.44,1.68,3.5
2021-05-27,1896.08,1.68,3.5
2021-05-28,1902.64,1.68,3.5
2021-05-29,1902.64,1.68,3.5
2021-05-30,1902.64,1.68,3.5
2021-05-31,1906.36,1.68,3.5
2021-06-01,1900.19,1.33,3.5
2021-06-02,1907.94,1.33,3.5
2021-06-03,1870.57,1.33,3.5
2021-06-04,1889.97,1.33,3.5
2021-06-05,1889.97,1.33,3.5
2021-06-06,1889.97,1.33,3.5
2021-06-07,1899.0,1.33,3.5
2021-06-08,1892.82,1.33,3.5
2021-06-09,1888.3,1.33,3.5
2021-06-10,1898.14,1.33,3.5
2021-06-11,1876.64,1.33,3.5
2021-06-12,1876.64,1.33,3.5
2021-06-13,1876.64,1.33,3.5
2021-06-14,1865.99,1.33,3.5
2021-06-15,1858.69,1.33,3.5
2021-06-16,1811.95,1.33,3.5
2021-06-17,1773.31,1.33,3.5
2021-06-18,1763.34,1.33,3.5
2021-06-19,1763.34,1.33,3.5
2021-06-20,1763.34,1.33,3.5
2021-06-21,1782.95,1.33,3.5
2021-06-22,1778.51,1.33,3.5
2021-06-23,1778.73,1.33,3.5
2021-06-24,1775.18,1.33,3.5
2021-06-25,1780.34,1.33,3.5
2021-06-26,1780.34,1.33,3.5
2021-06-27,1780.34,1.33,3.5
2021-06-28,1778.18,1.33,3.5
2021-06-29,1761.09,1.33,3.5
2021-06-30,1769.8,1.33,3.5
2021-07-01,1776.6,1.52,3.5
2021-07-02,1786.79,1.52,3.5
2021-07-03,1786.79,1.52,3.5
2021-07-04,1786.79,1.52,3.5
2021-07-05,1791.61,1.52,3.5
2021-07-06,1796.69,1.52,3.5
2021-07-07,1803.41,1.52,3.5
2021-07-08,1802.56,1.52,3.5
2021-07-09,1807.98,1.52,3.5
2021-07-10,1807.98,1.52,3.5
2021-07-11,1807.98,1.52,3.5
2021-07-12,1805.88,1.52,3.5
2021-07-13,1807.44,1.52,3.5
2021-07-14,1827.06,1.52,3.5
2021-07-15,1829.19,1.52,3.5
2021-07-16,1810.89,1.52,3.5
2021-07-17,1810.89,1.52,3.5
2021-07-18,1810.89,1.52,3.5
2021-07-19,1812.34,1.52,3.5
2021-07-20,1810.03,1.52,3.5
2021-07-21,1803.31,1.52,3.5
2021-07-22,1806.69,1.52,3.5
2021-07-23,1801.34,1.52,3.5
2021-07-24,1801.34,1.52,3.5
2021-07-25,1801.34,1.52,3.5
2021-07-26,1797.27,1.52,3.5
2021-07-27,1798.73,1.52,3.5
2021-07-28,1806.88,1.52,3.5
2021-07-29,1827.95,1.52,3.5
2021-07-30,1813.58,1.52,3.5
2021-07-31,1813.58,1.52,3.5
2021-08-01,1813.58,1.59,3.5
2021-08-02,1813.39,1.59,3.5
2021-08-03,1809.94,1.59,3.5
2021-08-04,1811.41,1.59,3.5
2021-08-05,1804.01,1.59,3.5
2021-08-06,1762.69,1.59,3.5
2021-08-07,1762.69,1.59,3.5
2021-08-08,1762.69,1.59,3.5
2021-08-09,1729.46,1.59,3.5
2021-08-10,1728.71,1.59,3.5
2021-08-11,1751.56,1.59,3.5
2021-08-12,1752.44,1.59,3.5
2021-08-13,1779.15,1.59,3.5
2021-08-14,1779.15,1.59,3.5
2021-08-15,1779.15,1.59,3.5
2021-08-16,1787.24,1.59,3.5
2021-08-17,1785.96,1.59,3.5
2021-08-18,1787.59,1.59,3.5
2021-08-19,1780.18,1.59,3.5
2021-08-20,1780.87,1.59,3.5
2021-08-21,1780.87,1.59,3.5
2021-08-22,1780.87,1.59,3.5
2021-08-23,1805.2,1.59,3.5
2021-08-24,1802.61,1.59,3.5
2021-08-25,1790.68,1.59,3.5
2021-08-26,1792.16,1.59,3.5
2021-08-27,1816.67,1.59,3.5
2021-08-28,1816.67,1.59,3.5
2021-08-29,1816.67,1.59,3.5
2021-08-30,1810.17,1.59,3.5
2021-08-31,1813.43,1.59,3.5
2021-09-01,1813.66,1.6,3.5
2021-09-02,1809.4,1.6,3.5
2021-09-03,1826.19,1.6,3.5
2021-09-04,1826.19,1.6,3.5
2021-09-05,1826.19,1.6,3.5
2021-09-06,1823.1,1.6,3.5
2021-09-07,1794.13,1.6,3.5
2021-09-08,1788.93,1.6,3.5
2021-09-09,1794.69,1.6,3.5
2021-09-10,1787.34,1.6,3.5
2021-09-11,1787.34,1.6,3.5
2021-09-12,1787.34,1.6,3.5
2021-09-13,1793.49,1.6,3.5
2021-09-14,1804.27,1.6,3.5
2021-09-15,1792.59,1.6,3.5
2021-09-16,1753.39,1.6,3.5
2021-09-17,1754.16,1.6,3.5
2021-09-18,1754.16,1.6,3.5
2021-09-19,1754.16,1.6,3.5
2021-09-20,1763.88,1.6,3.5
2021-09-21,1774.25,1.6,3.5
2021-09-22,1767.91,1.6,3.5
2021-09-23,1742.57,1.6,3.5
2021-09-24,1749.86,1.6,3.5
2021-09-25,1749.86,1.6,3.5
2021-09-26,1749.86,1.6,3.5
2021-09-27,1749.85,1.6,3.5
2021-09-28,1733.68,1.6,3.5
2021-09-29,1726.11,1.6,3.5
2021-09-30,1756.66,1.6,3.5
2021-10-01,1760.36,1.66,3.5
2021-10-02,1760.36,1.66,3.5
2021-10-03,1760.36,1.66,3.5
2021-10-04,1769.51,1.66,3.5
2021-10-05,1759.96,1.66,3.5
2021-10-06,1762.48,1.66,3.5
2021-10-07,1755.29,1.66,3.5
2021-10-08,1756.67,1.66,3.5
2021-10-09,1756.67,1.66,3.5
2021-10-10,1756.67,1.66,3.5
2021-10-11,1753.86,1.66,3.5
2021-10-12,1759.93,1.66,3.5
2021-10-13,1792.65,1.66,3.5
2021-10-14,1795.56,1.66,3.5
2021-10-15,1767.26,1.66,3.5
2021-10-16,1767.26,1.66,3.5
2021-10-17,1767.26,1.66,3.5
2021-10-18,1764.6,1.66,3.5
2021-10-19,1768.87,1.66,3.5
2021-10-20,1781.83,1.66,3.5
2021-10-21,1782.76,1.66,3.5
2021-10-22,1792.48,1.66,3.5
2021-10-23,1792.48,1.66,3.5
2021-10-24,1792.48,1.66,3.5
2021-10-25,1807.47,1.66,3.5
2021-10-26,1792.63,1.66,3.5
2021-10-27,1796.69,1.66,3.5
2021-10-28,1798.62,1.66,3.5
2021-10-29,1782.81,1.66,3.5
2021-10-30,1782.81,1.66,3.5
2021-10-31,1782.81,1.66,3.5
2021-11-01,1793.05,1.75,3.5
2021-11-02,1787.28,1.75,3.5
2021-11-03,1769.52,1.75,3.5
2021-11-04,1791.7,1.75,3.5
2021-11-05,1816.73,1.75,3.5
2021-11-06,1816.73,1.75,3.5
2021-11-07,1816.73,1.75,3.5
2021-11-08,1824.26,1.75,3.5
2021-11-09,1831.48,1.75,3.5
2021-11-10,1849.57,1.75,3.5
2021-11-11,1861.52,1.75,3.5
2021-11-12,1864.04,1.75,3.5
2021-11-13,1864.04,1.75,3.5
2021-11-14,1864.04,1.75,3.5
2021-11-15,1862.46,1.75,3.5
2021-11-16,1849.91,1.75,3.5
2021-11-17,1866.96,1.75,3.5
2021-11-18,1858.46,1.75,3.5
2021-11-19,1844.6,1.75,3.5
2021-11-20,1844.6,1.75,3.5
2021-11-21,1844.6,1.75,3.5
2021-11-22,1805.04,1.75,3.5
2021-11-23,1789.73,1.75,3.5
2021-11-24,1788.5,1.75,3.5
2021-11-25,1788.45,1.75,3.5
2021-11-26,1791.81,1.75,3.5
2021-11-27,1791.81,1.75,3.5
2021-11-28,1791.81,1.75,3.5
2021-11-29,1785.01,1.75,3.5
2021-11-30,1773.78,1.75,3.5
2021-12-01,1782.66,1.87,3.5
2021-12-02,1768.64,1.87,3.5
2021-12-03,1783.74,1.87,3.5
2021-12-04,1783.74,1.87,3.5
2021-12-05,1783.74,1.87,3.5
2021-12-06,1778.11,1.87,3.5
2021-12-07,1784.04,1.87,3.5
2021-12-08,1782.06,1.87,3.5
2021-12-09,1774.46,1.87,3.5
2021-12-10,1782.51,1.87,3.5
2021-12-11,1782.51,1.87,3.5
2021-12-12,1782.51,1.87,3.5
2021-12-13,1786.94,1.87,3.5
2021-12-14,1770.18,1.87,3.5
2021-12-15,1777.06,1.87,3.5
2021-12-16,1799.03,1.87,3.5
2021-12-17,1797.68,1.87,3.5
2021-12-18,1797.68,1.87,3.5
2021-12-19,1797.68,1.87,3.5
2021-12-20,1789.32,1.87,3.5
2021-12-21,1788.36,1.87,3.5
2021-12-22,1803.4,1.87,3.5
2021-12-23,1807.91,1.87,3.5
2021-12-24,1808.11,1.87,3.5
2021-12-25,1808.11,1.87,3.5
2021-12-26,1808.11,1.87,3.5
2021-12-27,1810.9,1.87,3.5
2021-12-28,1805.37,1.87,3.5
2021-12-29,1803.66,1.87,3.5
2021-12-30,1815.01,1.87,3.5
2021-12-31,1828.39,1.87,3.5
2022-01-01,1828.39,2.18,3.5
2022-01-02,1828.39,2.18,3.5
2022-01-03,1800.85,2.18,3.5
2022-01-04,1814.56,2.18,3.5
2022-01-05,1809.53,2.18,3.5
2022-01-06,1788.68,2.18,3.5
2022-01-07,1795.63,2.18,3.5
2022-01-08,1795.63,2.18,3.5
2022-01-09,1795.63,2.18,3.5
2022-01-10,1801.41,2.18,3.5
2022-01-11,1822.01,2.18,3.5
2022-01-12,1825.32,2.18,3.5
2022-01-13,1822.09,2.18,3.5
2022-01-14,1817.22,2.18,3.5
2022-01-15,1817.22,2.18,3.5
2022-01-16,1817.22,2.18,3.5
2022-01-17,1818.99,2.18,3.5
2022-01-18,1813.54,2.18,3.5
2022-01-19,1839.96,2.18,3.5
2022-01-20,1838.36,2.18,3.5
2022-01-21,1833.24,2.18,3.5
2022-01-22,1833.24,2.18,3.5
2022-01-23,1833.24,2.18,3.5
2022-01-24,1843.06,2.18,3.5
2022-01-25,1847.56,2.18,3.5
2022-01-26,1818.12,2.18,3.5
2022-01-27,1796.51,2.18,3.5
2022-01-28,1791.03,2.18,3.5
2022-01-29,1791.03,2.18,3.5
2022-01-30,1791.03,2.18,3.5
2022-01-31,1796.47,2.18,3.5
2022-02-01,1800.65,2.06,3.5
2022-02-02,1806.5,2.06,3.5
2022-02-03,1804.4,2.06,3.5
2022-02-04,1807.49,2.06,3.5
2022-02-05,1807.49,2.06,3.5
2022-02-06,1807.49,2.06,3.5
2022-02-07,1820.31,2.06,3.5
2022-02-08,1825.48,2.06,3.5
2022-02-09,1832.43,2.06,3.5
2022-02-10,1826.57,2.06,3.5
2022-02-11,1859.96,2.06,3.5
2022-02-12,1859.96,2.06,3.5
2022-02-13,1859.96,2.06,3.5
2022-02-14,1870.29,2.06,3.5
2022-02-15,1853.06,2.06,3.5
2022-02-16,1868.37,2.06,3.5
2022-02-17,1897.27,2.06,3.5
2022-02-18,1897.87,2.06,3.5
2022-02-19,1897.87,2.06,3.5
2022-02-20,1897.87,2.06,3.5
2022-02-21,1905.63,2.06,3.5
2022-02-22,1898.13,2.06,3.5
2022-02-23,1907.55,2.06,3.5
2022-02-24,1903.14,2.06,3.5
2022-02-25,1887.56,2.06,3.5
2022-02-26,1887.56,2.06,3.5
2022-02-27,1887.56,2.06,3.5
2022-02-28,1907.9,2.06,3.5
2022-03-01,1943.22,2.64,3.5
2022-03-02,1926.11,2.64,3.5
2022-03-03,1935.21,2.64,3.5
2022-03-04,1968.45,2.64,3.5
2022-03-05,1968.45,2.64,3.5
2022-03-06,1968.45,2.64,3.5
2022-03-07,1998.11,2.64,3.5
2022-03-08,2052.41,2.64,3.5
2022-03-09,1991.49,2.64,3.5
2022-03-10,1995.86,2.64,3.5
2022-03-11,1985.29,2.64,3.5
2022-03-12,1985.29,2.64,3.5
2022-03-13,1985.29,2.64,3.5
2022-03-14,1951.11,2.64,3.5
2022-03-15,1917.84,2.64,3.5
2022-03-16,1927.93,2.64,3.5
2022-03-17,1942.64,2.64,3.5
2022-03-18,1921.09,2.64,3.5
2022-03-19,1921.09,2.64,3.5
2022-03-20,1921.09,2.64,3.5
2022-03-21,1935.95,2.64,3.5
2022-03-22,1921.44,2.64,3.5
2022-03-23,1943.38,2.64,3.5
2022-03-24,1957.48,2.64,3.5
2022-03-25,1957.4,2.64,3.5
2022-03-26,1957.4,2.64,3.5
2022-03-27,1957.4,2.64,3.5
2022-03-28,1923.2,2.64,3.5
2022-03-29,1919.19,2.64,3.5
2022-03-30,1933.06,2.64,3.5
2022-03-31,1937.23,2.64,3.5
2022-04-01,1924.3,3.47,3.5
2022-04-02,1924.3,3.47,3.5
2022-04-03,1924.3,3.47,3.5
2022-04-04,1932.44,3.47,3.5
2022-04-05,1923.76,3.47,3.5
2022-04-06,1925.48,3.47,3.5
2022-04-07,1932.17,3.47,3.5
2022-04-08,1945.85,3.47,3.5
2022-04-09,1945.85,3.47,3.5
2022-04-10,1945.85,3.47,3.5
2022-04-11,1953.43,3.47,3.5
2022-04-12,1966.59,3.47,3.5
2022-04-13,1977.72,3.47,3.5
2022-04-14,1973.52,3.47,3.5
2022-04-15,1974.54,3.47,3.5
2022-04-16,1974.54,3.47,3.5
2022-04-17,1974.54,3.47,3.5
2022-04-18,1978.5,3.47,3.5
2022-04-19,1949.84,3.47,3.5
2022-04-20,1957.41,3.47,3.5
2022-04-21,1951.49,3.47,3.5
2022-04-22,1929.73,3.47,3.5
2022-04-23,1929.73,3.47,3.5
2022-04-24,1929.73,3.47,3.5
2022-04-25,1897.69,3.47,3.5
2022-04-26,1905.56,3.47,3.5
2022-04-27,1886.12,3.47,3.5
2022-04-28,1894.34,3.47,3.5
2022-04-29,1896.4,3.47,3.5
2022-04-30,1896.4,3.47,3.5
2022-05-01,1896.4,3.55,3.5
2022-05-02,1862.77,3.55,3.5
2022-05-03,1867.79,3.55,3.5
2022-05-04,1880.92,3.55,3.5
2022-05-05,1876.84,3.55,3.5
2022-05-06,1882.96,3.55,3.5
2022-05-07,1882.96,3.55,3.5
2022-05-08,1882.96,3.55,3.5
2022-05-09,1853.92,3.55,3.5
2022-05-10,1838.14,3.55,3.5
2022-05-11,1852.12,3.55,3.5
2022-05-12,1821.72,3.55,3.5
2022-05-13,1811.15,3.55,3.5
2022-05-14,1811.15,3.55,3.5
2022-05-15,1811.15,3.55,3.5
2022-05-16,1823.79,3.55,3.5
2022-05-17,1814.67,3.55,3.5
2022-05-18,1815.61,3.55,3.5
2022-05-19,1841.72,3.55,3.5
2022-05-20,1845.68,3.55,3.5
2022-05-21,1845.68,3.55,3.5
2022-05-22,1845.68,3.55,3.5
2022-05-23,1853.22,3.55,3.5
2022-05-24,1865.9,3.55,3.5
2022-05-25,1852.83,3.55,3.5
2022-05-26,1850.02,3.55,3.5
2022-05-27,1852.73,3.55,3.5
2022-05-28,1852.73,3.55,3.5
2022-05-29,1852.73,3.55,3.5
2022-05-30,1856.21,3.55,3.5
2022-05-31,1837.09,3.55,3.5
2022-06-01,1845.55,4.35,3.5
2022-06-02,1868.13,4.35,3.5
2022-06-03,1850.77,4.35,3.5
2022-06-04,1850.77,4.35,3.5
2022-06-05,1850.77,4.35,3.5
2022-06-06,1841.0,4.35,3.5
2022-06-07,1851.97,4.35,3.5
2022-06-08,1853.26,4.35,3.5
2022-06-09,1847.61,4.35,3.5
2022-06-10,1870.96,4.35,3.5
2022-06-11,1870.96,4.35,3.5
2022-06-12,1870.96,4.35,3.5
2022-06-13,1818.77,4.35,3.5
2022-06-14,1808.1,4.35,3.5
2022-06-15,1833.38,4.35,3.5
2022-06-16,1856.71,4.35,3.5
2022-06-17,1839.35,4.35,3.5
2022-06-18,1839.35,4.35,3.5
2022-06-19,1839.35,4.35,3.5
2022-06-20,1838.29,4.35,3.5
2022-06-21,1832.56,4.35,3.5
2022-06-22,1837.39,4.35,3.5
2022-06-23,1822.43,4.35,3.5
2022-06-24,1826.18,4.35,3.5
2022-06-25,1826.18,4.35,3.5
2022-06-26,1826.18,4.35,3.5
2022-06-27,1822.73,4.35,3.5
2022-06-28,1819.69,4.35,3.5
2022-06-29,1817.11,4.35,3.5
2022-06-30,1806.89,4.35,3.5
2022-07-01,1810.18,4.94,3.5
2022-07-02,1810.18,4.94,3.5
2022-07-03,1810.18,4.94,3.5
2022-07-04,1809.12,4.94,3.5
2022-07-05,1764.35,4.94,3.5
2022-07-06,1738.3,4.94,3.5
2022-07-07,1739.61,4.94,3.5
2022-07-08,1741.82,4.94,3.5
2022-07-09,1741.82,4.94,3.5
2022-07-10,1741.82,4.94,3.5
2022-07-11,1733.67,4.94,3.5
2022-07-12,1725.81,4.94,3.5
2022-07-13,1735.23,4.94,3.5
2022-07-14,1709.45,4.94,3.5
2022-07-15,1706.78,4.94,3.5
2022-07-16,1706.78,4.94,3.5
2022-07-17,1706.78,4.94,3.5
2022-07-18,1709.01,4.94,3.5
2022-07-19,1711.07,4.94,3.5
2022-07-20,1696.43,4.94,3.5
2022-07-21,1718.49,4.94,3.5
2022-07-22,1726.46,4.94,3.5
2022-07-23,1726.46,4.94,3.5
2022-07-24,1726.46,4.94,3.5
2022-07-25,1718.78,4.94,3.5
2022-07-26,1717.0,4.94,3.5
2022-07-27,1733.89,4.94,3.5
2022-07-28,1755.11,4.94,3.5
2022-07-29,1765.22,4.94,3.5
2022-07-30,1765.22,4.94,3.5
2022-07-31,1765.22,4.94,3.5
2022-08-01,1771.73,4.69,3.5
2022-08-02,1759.75,4.69,3.5
2022-08-03,1764.9,4.69,3.5
2022-08-04,1790.97,4.69,3.5
2022-08-05,1774.15,4.69,3.5
2022-08-06,1774.15,4.69,3.5
2022-08-07,1774.15,4.69,3.5
2022-08-08,1788.52,4.69,3.5
2022-08-09,1794.08,4.69,3.5
2022-08-10,1792.13,4.69,3.5
2022-08-11,1789.45,4.69,3.5
2022-08-12,1801.76,4.69,3.5
2022-08-13,1801.76,4.69,3.5
2022-08-14,1801.76,4.69,3.5
2022-08-15,1778.91,4.69,3.5
2022-08-16,1775.54,4.69,3.5
2022-08-17,1761.05,4.69,3.5
2022-08-18,1758.2,4.69,3.5
2022-08-19,1747.83,4.69,3.5
2022-08-20,1747.83,4.69,3.5
2022-08-21,1747.83,4.69,3.5
2022-08-22,1735.7,4.69,3.5
2022-08-23,1747.67,4.69,3.75
2022-08-24,1750.89,4.69,3.75
2022-08-25,1758.44,4.69,3.75
2022-08-26,1736.86,4.69,3.75
2022-08-27,1736.86,4.69,3.75
2022-08-28,1736.86,4.69,3.75
2022-08-29,1737.82,4.69,3.75
2022-08-30,1723.55,4.69,3.75
2022-08-31,1710.7,4.69,3.75
2022-09-01,1696.09,5.95,3.75
2022-09-02,1711.44,5.95,3.75
2022-09-03,1711.44,5.95,3.75
2022-09-04,1711.44,5.95,3.75
2022-09-05,1710.21,5.95,3.75
2022-09-06,1701.15,5.95,3.75
2022-09-07,1717.69,5.95,3.75
2022-09-08,1707.28,5.95,3.75
2022-09-09,1716.05,5.95,3.75
2022-09-10,1716.05,5.95,3.75
2022-09-11,1716.05,5.95,3.75
2022-09-12,1724.07,5.95,3.75
2022-09-13,1701.55,5.95,3.75
2022-09-14,1695.8,5.95,3.75
2022-09-15,1663.74,5.95,3.75
2022-09-16,1674.94,5.95,3.75
2022-09-17,1674.94,5.95,3.75
2022-09-18,1674.94,5.95,3.75
2022-09-19,1675.78,5.95,3.75
2022-09-20,1663.11,5.95,3.75
2022-09-21,1673.74,5.95,3.75
2022-09-22,1670.53,5.95,4.25
2022-09-23,1643.09,5.95,4.25
2022-09-24,1643.09,5.95,4.25
2022-09-25,1643.09,5.95,4.25
2022-09-26,1621.57,5.95,4.25
2022-09-27,1628.8,5.95,4.25
2022-09-28,1659.44,5.95,4.25
2022-09-29,1660.29,5.95,4.25
2022-09-30,1659.67,5.95,4.25
2022-10-01,1659.67,5.71,4.25
2022-10-02,1659.67,5.71,4.25
2022-10-03,1699.22,5.71,4.25
2022-10-04,1726.24,5.71,4.25
2022-10-05,1715.81,5.71,4.25
2022-10-06,1710.85,5.71,4.25
2022-10-07,1694.52,5.71,4.25
2022-10-08,1694.52,5.71,4.25
2022-10-09,1694.52,5.71,4.25
2022-10-10,1667.96,5.71,4.25
2022-10-11,1665.31,5.71,4.25
2022-10-12,1672.51,5.71,4.25
2022-10-13,1665.8,5.71,4.25
2022-10-14,1641.76,5.71,4.25
2022-10-15,1641.76,5.71,4.25
2022-10-16,1641.76,5.71,4.25
2022-10-17,1649.94,5.71,4.25
2022-10-18,1651.83,5.71,4.25
2022-10-19,1628.49,5.71,4.25
2022-10-20,1627.66,5.71,4.75
2022-10-21,1656.66,5.71,4.75
2022-10-22,1656.66,5.71,4.75
2022-10-23,1656.66,5.71,4.75
2022-10-24,1648.6,5.71,4.75
2022-10-25,1652.52,5.71,4.75
2022-10-26,1664.49,5.71,4.75
2022-10-27,1662.94,5.71,4.75
2022-10-28,1641.76,5.71,4.75
2022-10-29,1641.76,5.71,4.75
2022-10-30,1641.76,5.71,4.75
2022-10-31,1633.12,5.71,4.75
2022-11-01,1647.5,5.42,4.75
2022-11-02,1634.89,5.42,4.75
2022-11-03,1629.15,5.42,4.75
2022-11-04,1680.27,5.42,4.75
2022-11-05,1680.27,5.42,4.75
2022-11-06,1680.27,5.42,4.75
2022-11-07,1674.68,5.42,4.75
2022-11-08,1712.52,5.42,4.75
2022-11-09,1706.32,5.42,4.75
2022-11-10,1754.75,5.42,4.75
2022-11-11,1770.69,5.42,4.75
2022-11-12,1770.69,5.42,4.75
2022-11-13,1770.69,5.42,4.75
2022-11-14,1771.8,5.42,4.75
2022-11-15,1778.25,5.42,4.75
2022-11-16,1773.77,5.42,4.75
2022-11-17,1760.87,5.42,5.25
2022-11-18,1749.74,5.42,5.25
2022-11-19,1749.74,5.42,5.25
2022-11-20,1749.74,5.42,5.25
2022-11-21,1737.81,5.42,5.25
2022-11-22,1740.24,5.42,5.25
2022-11-23,1749.28,5.42,5.25
2022-11-24,1754.96,5.42,5.25
2022-11-25,1756.14,5.42,5.25
2022-11-26,1756.14,5.42,5.25
2022-11-27,1756.14,5.42,5.25
2022-11-28,1740.75,5.42,5.25
2022-11-29,1749.73,5.42,5.25
2022-11-30,1768.45,5.42,5.25
2022-12-01,1802.89,5.51,5.25
2022-12-02,1797.82,5.51,5.25
2022-12-03,1797.82,5.51,5.25
2022-12-04,1797.82,5.51,5.25
2022-12-05,1768.39,5.51,5.25
2022-12-06,1770.91,5.51,5.25
2022-12-07,1786.22,5.51,5.25
2022-12-08,1789.23,5.51,5.25
2022-12-09,1796.63,5.51,5.25
2022-12-10,1796.63,5.51,5.25
2022-12-11,1796.63,5.51,5.25
2022-12-12,1781.15,5.51,5.25
2022-12-13,1810.29,5.51,5.25
2022-12-14,1807.27,5.51,5.25
2022-12-15,1776.66,5.51,5.25
2022-12-16,1792.34,5.51,5.25
2022-12-17,1792.34,5.51,5.25
2022-12-18,1792.34,5.51,5.25
2022-12-19,1787.44,5.51,5.25
2022-12-20,1817.41,5.51,5.25
2022-12-21,1814.13,5.51,5.25
2022-12-22,1792.57,5.51,5.5
2022-12-23,1797.91,5.51,5.5
2022-12-24,1797.91,5.51,5.5
2022-12-25,1797.91,5.51,5.5
2022-12-26,1797.61,5.51,5.5
2022-12-27,1813.93,5.51,5.5
2022-12-28,1804.09,5.51,5.5
2022-12-29,1814.89,5.51,5.5
2022-12-30,1824.4,5.51,5.5
2022-12-31,1824.4,5.51,5.5
2023-01-01,1824.4,5.28,5.5
2023-01-02,1823.69,5.28,5.5
2023-01-03,1839.49,5.28,5.5
2023-01-04,1854.09,5.28,5.5
2023-01-05,1833.19,5.28,5.5
2023-01-06,1865.71,5.28,5.5
2023-01-07,1865.71,5.28,5.5
2023-01-08,1865.71,5.28,5.5
2023-01-09,1871.59,5.28,5.5
2023-01-10,1877.27,5.28,5.5
2023-01-11,1876.38,5.28,5.5
2023-01-12,1896.86,5.28,5.5
2023-01-13,1920.21,5.28,5.5
2023-01-14,1920.21,5.28,5.5
2023-01-15,1920.21,5.28,5.5
2023-01-16,1918.0,5.28,5.5
2023-01-17,1908.39,5.28,5.5
2023-01-18,1903.76,5.28,5.5
2023-01-19,1931.39,5.28,5.75
2023-01-20,1926.57,5.28,5.75
2023-01-21,1926.57,5.28,5.75
2023-01-22,1926.57,5.28,5.75
2023-01-23,1931.3,5.28,5.75
2023-01-24,1937.45,5.28,5.75
2023-01-25,1945.93,5.28,5.75
2023-01-26,1928.99,5.28,5.75
2023-01-27,1927.34,5.28,5.75
2023-01-28,1927.34,5.28,5.75
2023-01-29,1927.34,5.28,5.75
2023-01-30,1922.52,5.28,5.75
2023-01-31,1927.88,5.28,5.75
2023-02-01,1950.42,5.47,5.75
2023-02-02,1912.37,5.47,5.75
2023-02-03,1865.53,5.47,5.75
2023-02-04,1865.53,5.47,5.75
2023-02-05,1865.53,5.47,5.75
2023-02-06,1867.36,5.47,5.75
2023-02-07,1873.81,5.47,5.75
2023-02-08,1875.59,5.47,5.75
2023-02-09,1861.39,5.47,5.75
2023-02-10,1864.67,5.47,5.75
2023-02-11,1864.67,5.47,5.75
2023-02-12,1864.67,5.47,5.75
2023-02-13,1853.39,5.47,5.75
2023-02-14,1854.29,5.47,5.75
2023-02-15,1836.19,5.47,5.75
2023-02-16,1837.44,5.47,5.75
2023-02-17,1841.59,5.47,5.75
2023-02-18,1841.59,5.47,5.75
2023-02-19,1841.59,5.47,5.75
2023-02-20,1841.14,5.47,5.75
2023-02-21,1834.32,5.47,5.75
2023-02-22,1825.04,5.47,5.75
2023-02-23,1822.64,5.47,5.75
2023-02-24,1810.81,5.47,5.75
2023-02-25,1810.81,5.47,5.75
2023-02-26,1810.81,5.47,5.75
2023-02-27,1817.31,5.47,5.75
2023-02-28,1827.15,5.47,5.75
2023-03-01,1836.81,4.97,5.75
2023-03-02,1836.0,4.97,5.75
2023-03-03,1854.97,4.97,5.75
2023-03-04,1854.97,4.97,5.75
2023-03-05,1854.97,4.97,5.75
2023-03-06,1846.85,4.97,5.75
2023-03-07,1813.52,4.97,5.75
2023-03-08,1813.59,4.97,5.75
2023-03-09,1830.89,4.97,5.75
2023-03-10,1867.83,4.97,5.75
2023-03-11,1867.83,4.97,5.75
2023-03-12,1867.83,4.97,5.75
2023-03-13,1913.23,4.97,5.75
2023-03-14,1902.12,4.97,5.75
2023-03-15,1918.1,4.97,5.75
2023-03-16,1919.12,4.97,5.75
2023-03-17,1987.93,4.97,5.75
2023-03-18,1987.93,4.97,5.75
2023-03-19,1987.93,4.97,5.75
2023-03-20,1978.71,4.97,5.75
2023-03-21,1940.15,4.97,5.75
2023-03-22,1969.58,4.97,5.75
2023-03-23,1993.5,4.97,5.75
2023-03-24,1977.22,4.97,5.75
2023-03-25,1977.22,4.97,5.75
2023-03-26,1977.22,4.97,5.75
2023-03-27,1956.56,4.97,5.75
2023-03-28,1973.69,4.97,5.75
2023-03-29,1964.04,4.97,5.75
2023-03-30,1980.25,4.97,5.75
2023-03-31,1967.9,4.97,5.75
2023-04-01,1967.9,4.33,5.75
2023-04-02,1967.9,4.33,5.75
2023-04-03,1984.11,4.33,5.75
2023-04-04,2019.97,4.33,5.75
2023-04-05,2020.35,4.33,5.75
2023-04-06,2008.02,4.33,5.75
2023-04-07,2008.02,4.33,5.75
2023-04-08,2008.02,4.33,5.75
2023-04-09,2008.02,4.33,5.75
2023-04-10,1989.95,4.33,5.75
2023-04-11,2003.14,4.33,5.75
2023-04-12,2014.67,4.33,5.75
2023-04-13,2039.73,4.33,5.75
2023-04-14,2003.04,4.33,5.75
2023-04-15,2003.04,4.33,5.75
2023-04-16,2003.04,4.33,5.75
2023-04-17,1994.77,4.33,5.75
2023-04-18,2004.93,4.33,5.75
2023-04-19,1993.26,4.33,5.75
2023-04-20,2004.34,4.33,5.75
2023-04-21,1982.89,4.33,5.75
2023-04-22,1982.89,4.33,5.75
2023-04-23,1982.89,4.33,5.75
2023-04-24,1988.88,4.33,5.75
2023-04-25,1997.87,4.33,5.75
2023-04-26,1989.48,4.33,5.75
2023-04-27,1987.87,4.33,5.75
2023-04-28,1989.65,4.33,5.75
2023-04-29,1989.65,4.33,5.75
2023-04-30,1989.65,4.33,5.75
2023-05-01,1982.05,4.0,5.75
2023-05-02,2016.28,4.0,5.75
2023-05-03,2039.02,4.0,5.75
2023-05-04,2051.11,4.0,5.75
2023-05-05,2016.54,4.0,5.75
2023-05-06,2016.54,4.0,5.75
2023-05-07,2016.54,4.0,5.75
2023-05-08,2021.39,4.0,5.75
2023-05-09,2034.17,4.0,5.75
2023-05-10,2029.51,4.0,5.75
2023-05-11,2015.55,4.0,5.75
2023-05-12,2011.15,4.0,5.75
2023-05-13,2011.15,4.0,5.75
2023-05-14,2011.15,4.0,5.75
2023-05-15,2020.6,4.0,5.75
2023-05-16,1988.6,4.0,5.75
2023-05-17,1981.72,4.0,5.75
2023-05-18,1958.05,4.0,5.75
2023-05-19,1976.56,4.0,5.75
2023-05-20,1976.56,4.0,5.75
2023-05-21,1976.56,4.0,5.75
2023-05-22,1969.43,4.0,5.75
2023-05-23,1974.73,4.0,5.75
2023-05-24,1957.01,4.0,5.75
2023-05-25,1940.34,4.0,5.75
2023-05-26,1946.33,4.0,5.75
2023-05-27,1946.33,4.0,5.75
2023-05-28,1946.33,4.0,5.75
2023-05-29,1942.84,4.0,5.75
2023-05-30,1959.14,4.0,5.75
2023-05-31,1962.3,4.0,5.75
2023-06-01,1977.88,3.52,5.75
2023-06-02,1947.63,3.52,5.75
2023-06-03,1947.63,3.52,5.75
2023-06-04,1947.63,3.52,5.75
2023-06-05,1961.76,3.52,5.75
2023-06-06,1962.85,3.52,5.75
2023-06-07,1939.63,3.52,5.75
2023-06-08,1967.76,3.52,5.75
2023-06-09,1960.6,3.52,5.75
2023-06-10,1960.6,3.52,5.75
2023-06-11,1960.6,3.52,5.75
2023-06-12,1956.92,3.52,5.75
2023-06-13,1943.33,3.52,5.75
2023-06-14,1942.99,3.52,5.75
2023-06-15,1957.65,3.52,5.75
2023-06-16,1957.36,3.52,5.75
2023-06-17,1957.36,3.52,5.75
2023-06-18,1957.36,3.52,5.75
2023-06-19,1950.12,3.52,5.75
2023-06-20,1935.91,3.52,5.75
2023-06-21,1932.26,3.52,5.75
2023-06-22,1913.52,3.52,5.75
2023-06-23,1921.36,3.52,5.75
2023-06-24,1921.36,3.52,5.75
2023-06-25,1921.36,3.52,5.75
2023-06-26,1922.85,3.52,5.75
2023-06-27,1913.35,3.52,5.75
2023-06-28,1907.42,3.52,5.75
2023-06-29,1908.15,3.52,5.75
2023-06-30,1919.57,3.52,5.75
2023-07-01,1919.57,3.08,5.75
2023-07-02,1919.57,3.08,5.75
2023-07-03,1921.43,3.08,5.75
2023-07-04,1925.09,3.08,5.75
2023-07-05,1917.32,3.08,5.75
2023-07-06,1910.8,3.08,5.75
2023-07-07,1924.28,3.08,5.75
2023-07-08,1924.28,3.08,5.75
2023-07-09,1924.28,3.08,5.75
2023-07-10,1924.99,3.08,5.75
2023-07-11,1931.99,3.08,5.75
2023-07-12,1957.09,3.08,5.75
2023-07-13,1960.19,3.08,5.75
2023-07-14,1954.93,3.08,5.75
2023-07-15,1954.93,3.08,5.75
2023-07-16,1954.93,3.08,5.75
2023-07-17,1954.74,3.08,5.75
2023-07-18,1978.71,3.08,5.75
2023-07-19,1977.25,3.08,5.75
2023-07-20,1969.62,3.08,5.75
2023-07-21,1960.23,3.08,5.75
2023-07-22,1960.23,3.08,5.75
2023-07-23,1960.23,3.08,5.75
2023-07-24,1954.51,3.08,5.75
2023-07-25,1964.58,3.08,5.75
2023-07-26,1972.1,3.08,5.75
2023-07-27,1944.99,3.08,5.75
2023-07-28,1959.2,3.08,5.75
2023-07-29,1959.2,3.08,5.75
2023-07-30,1959.2,3.08,5.75
2023-07-31,1964.19,3.08,5.75
2023-08-01,1944.08,3.27,5.75
2023-08-02,1933.56,3.27,5.75
2023-08-03,1933.74,3.27,5.75
2023-08-04,1941.62,3.27,5.75
2023-08-05,1941.62,3.27,5.75
2023-08-06,1941.62,3.27,5.75
2023-08-07,1936.39,3.27,5.75
2023-08-08,1924.82,3.27,5.75
2023-08-09,1914.59,3.27,5.75
2023-08-10,1912.06,3.27,5.75
2023-08-11,1913.32,3.27,5.75
2023-08-12,1913.32,3.27,5.75
2023-08-13,1913.32,3.27,5.75
2023-08-14,1907.9,3.27,5.75
2023-08-15,1901.56,3.27,5.75
2023-08-16,1891.76,3.27,5.75
2023-08-17,1888.89,3.27,5.75
2023-08-18,1888.19,3.27,5.75
2023-08-19,1888.19,3.27,5.75
2023-08-20,1888.19,3.27,5.75
2023-08-21,1893.94,3.27,5.75
2023-08-22,1897.47,3.27,5.75
2023-08-23,1914.31,3.27,5.75
2023-08-24,1917.43,3.27,5.75
2023-08-25,1914.53,3.27,5.75
2023-08-26,1914.53,3.27,5.75
2023-08-27,1914.53,3.27,5.75
2023-08-28,1919.66,3.27,5.75
2023-08-29,1937.12,3.27,5.75
2023-08-30,1942.24,3.27,5.75
2023-08-31,1939.74,3.27,5.75
2023-09-01,1938.8,2.28,5.75
2023-09-02,1938.8,2.28,5.75
2023-09-03,1938.8,2.28,5.75
2023-09-04,1938.19,2.28,5.75
2023-09-05,1925.81,2.28,5.75
2023-09-06,1916.28,2.28,5.75
2023-09-07,1919.19,2.28,5.75
2023-09-08,1917.81,2.28,5.75
2023-09-09,1917.81,2.28,5.75
2023-09-10,1917.81,2.28,5.75
2023-09-11,1921.66,2.28,5.75
2023-09-12,1913.26,2.28,5.75
2023-09-13,1906.3,2.28,5.75
2023-09-14,1910.32,2.28,5.75
2023-09-15,1923.57,2.28,5.75
2023-09-16,1923.57,2.28,5.75
2023-09-17,1923.57,2.28,5.75
2023-09-18,1933.14,2.28,5.75
2023-09-19,1930.94,2.28,5.75
2023-09-20,1929.68,2.28,5.75
2023-09-21,1919.57,2.28,5.75
2023-09-22,1924.99,2.28,5.75
2023-09-23,1924.99,2.28,5.75
2023-09-24,1924.99,2.28,5.75
2023-09-25,1915.66,2.28,5.75
2023-09-26,1900.49,2.28,5.75
2023-09-27,1874.7,2.28,5.75
2023-09-28,1864.56,2.28,5.75
2023-09-29,1848.31,2.28,5.75
2023-09-30,1848.31,2.28,5.75
2023-10-01,1848.31,2.56,5.75
2023-10-02,1827.4,2.56,5.75
2023-10-03,1822.81,2.56,5.75
2023-10-04,1821.08,2.56,5.75
2023-10-05,1820.01,2.56,5.75
2023-10-06,1832.26,2.56,5.75
2023-10-07,1832.26,2.56,5.75
2023-10-08,1832.26,2.56,5.75
2023-10-09,1860.88,2.56,5.75
2023-10-10,1860.09,2.56,5.75
2023-10-11,1873.61,2.56,5.75
2023-10-12,1868.65,2.56,5.75
2023-10-13,1931.7,2.56,5.75
2023-10-14,1931.7,2.56,5.75
2023-10-15,1931.7,2.56,5.75
2023-10-16,1919.44,2.56,5.75
2023-10-17,1923.07,2.56,5.75
2023-10-18,1947.69,2.56,5.75
2023-10-19,1973.7,2.56,6.0
2023-10-20,1981.04,2.56,6.0
2023-10-21,1981.04,2.56,6.0
2023-10-22,1981.04,2.56,6.0
2023-10-23,1972.59,2.56,6.0
2023-10-24,1970.11,2.56,6.0
2023-10-25,1979.62,2.56,6.0
2023-10-26,1984.82,2.56,6.0
2023-10-27,2005.78,2.56,6.0
2023-10-28,2005.78,2.56,6.0
2023-10-29,2005.78,2.56,6.0
2023-10-30,1995.88,2.56,6.0
2023-10-31,1982.7,2.56,6.0
2023-11-01,1982.15,2.86,6.0
2023-11-02,1985.51,2.86,6.0
2023-11-03,1992.27,2.86,6.0
2023-11-04,1992.27,2.86,6.0
2023-11-05,1992.27,2.86,6.0
2023-11-06,1977.68,2.86,6.0
2023-11-07,1968.4,2.86,6.0
2023-11-08,1949.79,2.86,6.0
2023-11-09,1958.19,2.86,6.0
2023-11-10,1936.79,2.86,6.0
2023-11-11,1936.79,2.86,6.0
2023-11-12,1936.79,2.86,6.0
2023-11-13,1945.89,2.86,6.0
2023-11-14,1962.67,2.86,6.0
2023-11-15,1959.09,2.86,6.0
2023-11-16,1980.85,2.86,6.0
2023-11-17,1980.01,2.86,6.0
2023-11-18,1980.01,2.86,6.0
2023-11-19,1980.01,2.86,6.0
2023-11-20,1977.19,2.86,6.0
2023-11-21,1998.37,2.86,6.0
2023-11-22,1989.72,2.86,6.0
2023-11-23,1991.79,2.86,6.0
2023-11-24,2001.97,2.86,6.0
2023-11-25,2001.97,2.86,6.0
2023-11-26,2001.97,2.86,6.0
2023-11-27,2013.64,2.86,6.0
2023-11-28,2040.89,2.86,6.0
2023-11-29,2044.59,2.86,6.0
2023-11-30,2035.75,2.86,6.0
2023-12-01,2070.9,2.61,6.0
2023-12-02,2070.9,2.61,6.0
2023-12-03,2070.9,2.61,6.0
2023-12-04,2029.74,2.61,6.0
2023-12-05,2019.42,2.61,6.0
2023-12-06,2024.9,2.61,6.0
2023-12-07,2028.34,2.61,6.0
2023-12-08,2003.39,2.61,6.0
2023-12-09,2003.39,2.61,6.0
2023-12-10,2003.39,2.61,6.0
2023-12-11,1981.3,2.61,6.0
2023-12-12,1979.44,2.61,6.0
2023-12-13,2026.39,2.61,6.0
2023-12-14,2035.53,2.61,6.0
2023-12-15,2018.19,2.61,6.0
2023-12-16,2018.19,2.61,6.0
2023-12-17,2018.19,2.61,6.0
2023-12-18,2027.0,2.61,6.0
2023-12-19,2040.12,2.61,6.0
2023-12-20,2029.19,2.61,6.0
2023-12-21,2045.49,2.61,6.0
2023-12-22,2052.98,2.61,6.0
2023-12-23,2052.98,2.61,6.0
2023-12-24,2052.98,2.61,6.0
2023-12-25,2054.93,2.61,6.0
2023-12-26,2066.6,2.61,6.0
2023-12-27,2077.16,2.61,6.0
2023-12-28,2064.86,2.61,6.0
2023-12-29,2062.59,2.61,6.0
2023-12-30,2062.59,2.61,6.0
2023-12-31,2062.59,2.61,6.0
2024-01-01,2063.8,2.57,6.0
2024-01-02,2058.88,2.57,6.0
2024-01-03,2040.78,2.57,6.0
2024-01-04,2043.26,2.57,6.0
2024-01-05,2045.5,2.57,6.0
2024-01-06,2045.5,2.57,6.0
2024-01-07,2045.5,2.57,6.0
2024-01-08,2027.84,2.57,6.0
2024-01-09,2029.59,2.57,6.0
2024-01-10,2023.4,2.57,6.0
2024-01-11,2028.09,2.57,6.0
2024-01-12,2048.72,2.57,6.0
2024-01-13,2048.72,2.57,6.0
2024-01-14,2048.72,2.57,6.0
2024-01-15,2054.49,2.57,6.0
2024-01-16,2027.59,2.57,6.0
2024-01-17,2005.72,2.57,6.0
2024-01-18,2022.67,2.57,6.0
2024-01-19,2029.09,2.57,6.0
2024-01-20,2029.09,2.57,6.0
2024-01-21,2029.09,2.57,6.0
2024-01-22,2020.99,2.57,6.0
2024-01-23,2028.69,2.57,6.0
2024-01-24,2012.59,2.57,6.0
2024-01-25,2019.75,2.57,6.0
2024-01-26,2018.34,2.57,6.0
2024-01-27,2018.34,2.57,6.0
2024-01-28,2018.34,2.57,6.0
2024-01-29,2031.75,2.57,6.0
2024-01-30,2036.12,2.57,6.0
2024-01-31,2037.19,2.57,6.0
2024-02-01,2054.89,2.75,6.0
2024-02-02,2038.59,2.75,6.0
2024-02-03,2038.59,2.75,6.0
2024-02-04,2038.59,2.75,6.0
2024-02-05,2024.67,2.75,6.0
2024-02-06,2035.46,2.75,6.0
2024-02-07,2034.22,2.75,6.0
2024-02-08,2033.18,2.75,6.0
2024-02-09,2024.16,2.75,6.0
2024-02-10,2024.16,2.75,6.0
2024-02-11,2024.16,2.75,6.0
2024-02-12,2019.79,2.75,6.0
2024-02-13,1992.13,2.75,6.0
2024-02-14,1992.39,2.75,6.0
2024-02-15,2004.09,2.75,6.0
2024-02-16,2013.1,2.75,6.0
2024-02-17,2013.1,2.75,6.0
2024-02-18,2013.1,2.75,6.0
2024-02-19,2017.63,2.75,6.0
2024-02-20,2023.53,2.75,6.0
2024-02-21,2024.99,2.75,6.0
2024-02-22,2024.11,2.75,6.0
2024-02-23,2035.72,2.75,6.0
2024-02-24,2035.72,2.75,6.0
2024-02-25,2035.72,2.75,6.0
2024-02-26,2030.66,2.75,6.0
2024-02-27,2029.64,2.75,6.0
2024-02-28,2034.62,2.75,6.0
2024-02-29,2043.24,2.75,6.0
2024-03-01,2083.39,3.05,6.0
2024-03-02,2083.39,3.05,6.0
2024-03-03,2083.39,3.05,6.0
2024-03-04,2114.99,3.05,6.0
2024-03-05,2127.55,3.05,6.0
2024-03-06,2148.29,3.05,6.0
2024-03-07,2159.16,3.05,6.0
2024-03-08,2177.51,3.05,6.0
2024-03-09,2177.51,3.05,6.0
2024-03-10,2177.51,3.05,6.0
2024-03-11,2182.47,3.05,6.0
2024-03-12,2157.99,3.05,6.0
2024-03-13,2174.4,3.05,6.0
2024-03-14,2161.01,3.05,6.0
2024-03-15,2155.54,3.05,6.0
2024-03-16,2155.54,3.05,6.0
2024-03-17,2155.54,3.05,6.0
2024-03-18,2159.99,3.05,6.0
2024-03-19,2157.23,3.05,6.0
2024-03-20,2185.96,3.05,6.0
2024-03-21,2180.81,3.05,6.0
2024-03-22,2164.15,3.05,6.0
2024-03-23,2164.15,3.05,6.0
2024-03-24,2164.15,3.05,6.0
2024-03-25,2171.45,3.05,6.0
2024-03-26,2178.58,3.05,6.0
2024-03-27,2194.02,3.05,6.0
2024-03-28,2232.38,3.05,6.0
2024-03-29,2232.38,3.05,6.0
2024-03-30,2232.38,3.05,6.0
2024-03-31,2232.38,3.05,6.0
2024-04-01,2250.36,3.0,6.0
2024-04-02,2280.1,3.0,6.0
2024-04-03,2299.17,3.0,6.0
2024-04-04,2289.43,3.0,6.0
2024-04-05,2329.5,3.0,6.0
2024-04-06,2329.5,3.0,6.0
2024-04-07,2329.5,3.0,6.0
2024-04-08,2338.89,3.0,6.0
2024-04-09,2352.58,3.0,6.0
2024-04-10,2332.79,3.0,6.0
2024-04-11,2373.24,3.0,6.0
2024-04-12,2343.43,3.0,6.0
2024-04-13,2343.43,3.0,6.0
2024-04-14,2343.43,3.0,6.0
2024-04-15,2382.51,3.0,6.0
2024-04-16,2382.83,3.0,6.0
2024-04-17,2360.81,3.0,6.0
2024-04-18,2378.25,3.0,6.0
2024-04-19,2390.45,3.0,6.0
2024-04-20,2390.45,3.0,6.0
2024-04-21,2390.45,3.0,6.0
2024-04-22,2326.29,3.0,6.0
2024-04-23,2321.81,3.0,6.0
2024-04-24,2315.82,3.0,6.25
2024-04-25,2331.78,3.0,6.25
2024-04-26,2337.72,3.0,6.25
2024-04-27,2337.72,3.0,6.25
2024-04-28,2337.72,3.0,6.25
2024-04-29,2334.44,3.0,6.25
2024-04-30,2285.57,3.0,6.25
2024-05-01,2317.9,2.84,6.25
2024-05-02,2303.29,2.84,6.25
2024-05-03,2301.56,2.84,6.25
2024-05-04,2301.56,2.84,6.25
2024-05-05,2301.56,2.84,6.25
2024-05-06,2323.57,2.84,6.25
2024-05-07,2313.79,2.84,6.25
2024-05-08,2308.65,2.84,6.25
2024-05-09,2345.88,2.84,6.25
2024-05-10,2360.14,2.84,6.25
2024-05-11,2360.14,2.84,6.25
2024-05-12,2360.14,2.84,6.25
2024-05-13,2336.05,2.84,6.25
2024-05-14,2357.97,2.84,6.25
2024-05-15,2386.04,2.84,6.25
2024-05-16,2376.44,2.84,6.25
2024-05-17,2414.89,2.84,6.25
2024-05-18,2414.89,2.84,6.25
2024-05-19,2414.89,2.84,6.25
2024-05-20,2425.12,2.84,6.25
2024-05-21,2421.64,2.84,6.25
2024-05-22,2378.25,2.84,6.25
2024-05-23,2328.37,2.84,6.25
2024-05-24,2333.76,2.84,6.25
2024-05-25,2333.76,2.84,6.25
2024-05-26,2333.76,2.84,6.25
2024-05-27,2350.74,2.84,6.25
2024-05-28,2360.95,2.84,6.25
2024-05-29,2338.77,2.84,6.25
2024-05-30,2343.0,2.84,6.25
2024-05-31,2326.97,2.84,6.25
2024-06-01,2326.97,2.51,6.25
2024-06-02,2326.97,2.51,6.25
2024-06-03,2350.35,2.51,6.25
2024-06-04,2327.68,2.51,6.25
2024-06-05,2354.78,2.51,6.25
2024-06-06,2375.61,2.51,6.25
2024-06-07,2292.71,2.51,6.25
2024-06-08,2292.71,2.51,6.25
2024-06-09,2292.71,2.51,6.25
2024-06-10,2310.6,2.51,6.25
2024-06-11,2316.27,2.51,6.25
2024-06-12,2322.55,2.51,6.25
2024-06-13,2303.19,2.51,6.25
2024-06-14,2332.52,2.51,6.25
2024-06-15,2332.52,2.51,6.25
2024-06-16,2332.52,2.51,6.25
2024-06-17,2318.87,2.51,6.25
2024-06-18,2328.33,2.51,6.25
2024-06-19,2327.48,2.51,6.25
2024-06-20,2359.63,2.51,6.25
2024-06-21,2320.34,2.51,6.25
2024-06-22,2320.34,2.51,6.25
2024-06-23,2320.34,2.51,6.25
2024-06-24,2332.93,2.51,6.25
2024-06-25,2319.01,2.51,6.25
2024-06-26,2297.91,2.51,6.25
2024-06-27,2327.45,2.51,6.25
2024-06-28,2325.71,2.51,6.25
2024-06-29,2325.71,2.51,6.25
2024-06-30,2325.71,2.51,6.25
2024-07-01,2331.7,2.13,6.25
2024-07-02,2329.28,2.13,6.25
2024-07-03,2356.06,2.13,6.25
2024-07-04,2356.12,2.13,6.25
2024-07-05,2391.46,2.13,6.25
2024-07-06,2391.46,2.13,6.25
2024-07-07,2391.46,2.13,6.25
2024-07-08,2358.8,2.13,6.25
2024-07-09,2363.58,2.13,6.25
2024-07-10,2371.07,2.13,6.25
2024-07-11,2414.78,2.13,6.25
2024-07-12,2411.27,2.13,6.25
2024-07-13,2411.27,2.13,6.25
2024-07-14,2411.27,2.13,6.25
2024-07-15,2422.07,2.13,6.25
2024-07-16,2468.57,2.13,6.25
2024-07-17,2458.38,2.13,6.25
2024-07-18,2444.97,2.13,6.25
2024-07-19,2400.79,2.13,6.25
2024-07-20,2400.79,2.13,6.25
2024-07-21,2400.79,2.13,6.25
2024-07-22,2397.65,2.13,6.25
2024-07-23,2409.21,2.13,6.25
2024-07-24,2397.59,2.13,6.25
2024-07-25,2364.5,2.13,6.25
2024-07-26,2385.57,2.13,6.25
2024-07-27,2385.57,2.13,6.25
2024-07-28,2385.57,2.13,6.25
2024-07-29,2383.54,2.13,6.25
2024-07-30,2408.43,2.13,6.25
2024-07-31,2448.1,2.13,6.25
2024-08-01,2445.42,2.12,6.25
2024-08-02,2443.29,2.12,6.25
2024-08-03,2443.29,2.12,6.25
2024-08-04,2443.29,2.12,6.25
2024-08-05,2407.65,2.12,6.25
2024-08-06,2389.37,2.12,6.25
2024-08-07,2381.53,2.12,6.25
2024-08-08,2426.75,2.12,6.25
2024-08-09,2430.93,2.12,6.25
2024-08-10,2430.93,2.12,6.25
2024-08-11,2430.93,2.12,6.25
2024-08-12,2472.25,2.12,6.25
2024-08-13,2465.03,2.12,6.25
2024-08-14,2447.64,2.12,6.25
2024-08-15,2456.1,2.12,6.25
2024-08-16,2507.28,2.12,6.25
2024-08-17,2507.28,2.12,6.25
2024-08-18,2507.28,2.12,6.25
2024-08-19,2503.92,2.12,6.25
2024-08-20,2513.74,2.12,6.25
2024-08-21,2511.95,2.12,6.25
2024-08-22,2483.29,2.12,6.25
2024-08-23,2512.07,2.12,6.25
2024-08-24,2512.07,2.12,6.25
2024-08-25,2512.07,2.12,6.25
2024-08-26,2516.89,2.12,6.25
2024-08-27,2524.57,2.12,6.25
2024-08-28,2502.25,2.12,6.25
2024-08-29,2521.18,2.12,6.25
2024-08-30,2503.03,2.12,6.25
2024-08-31,2503.03,2.12,6.25
2024-09-01,2503.03,1.84,6.25
2024-09-02,2499.29,1.84,6.25
2024-09-03,2492.76,1.84,6.25
2024-09-04,2494.19,1.84,6.25
2024-09-05,2516.32,1.84,6.25
2024-09-06,2497.03,1.84,6.25
2024-09-07,2497.03,1.84,6.25
2024-09-08,2497.03,1.84,6.25
2024-09-09,2505.25,1.84,6.25
2024-09-10,2516.12,1.84,6.25
2024-09-11,2511.44,1.84,6.25
2024-09-12,2558.75,1.84,6.25
2024-09-13,2576.5,1.84,6.25
2024-09-14,2576.5,1.84,6.25
2024-09-15,2576.5,1.84,6.25
2024-09-16,2582.58,1.84,6.25
2024-09-17,2569.52,1.84,6.25
2024-09-18,2558.8,1.84,6.0
2024-09-19,2586.48,1.84,6.0
2024-09-20,2621.96,1.84,6.0
2024-09-21,2621.96,1.84,6.0
2024-09-22,2621.96,1.84,6.0
2024-09-23,2628.4,1.84,6.0
2024-09-24,2656.7,1.84,6.0
2024-09-25,2656.82,1.84,6.0
2024-09-26,2670.2,1.84,6.0
2024-09-27,2657.97,1.84,6.0
2024-09-28,2657.97,1.84,6.0
2024-09-29,2657.97,1.84,6.0
2024-09-30,2634.49,1.84,6.0
2024-10-01,2662.82,1.71,6.0
2024-10-02,2657.75,1.71,6.0
2024-10-03,2655.9,1.71,6.0
2024-10-04,2652.25,1.71,6.0
2024-10-05,2652.25,1.71,6.0
2024-10-06,2652.25,1.71,6.0
2024-10-07,2643.58,1.71,6.0
2024-10-08,2621.94,1.71,6.0
2024-10-09,2607.77,1.71,6.0
2024-10-10,2629.48,1.71,6.0
2024-10-11,2656.0,1.71,6.0
2024-10-12,2656.0,1.71,6.0
2024-10-13,2656.0,1.71,6.0
2024-10-14,2651.05,1.71,6.0
2024-10-15,2660.99,1.71,6.0
2024-10-16,2673.24,1.71,6.0
2024-10-17,2692.55,1.71,6.0
2024-10-18,2720.25,1.71,6.0
2024-10-19,2720.25,1.71,6.0
2024-10-20,2720.25,1.71,6.0
2024-10-21,2719.65,1.71,6.0
2024-10-22,2748.38,1.71,6.0
2024-10-23,2717.54,1.71,6.0
2024-10-24,2735.7,1.71,6.0
2024-10-25,2747.69,1.71,6.0
2024-10-26,2747.69,1.71,6.0
2024-10-27,2747.69,1.71,6.0
2024-10-28,2741.98,1.71,6.0
2024-10-29,2775.13,1.71,6.0
2024-10-30,2786.19,1.71,6.0
2024-10-31,2743.8,1.71,6.0
2024-11-01,2735.16,1.55,6.0
2024-11-02,2735.16,1.55,6.0
2024-11-03,2735.16,1.55,6.0
2024-11-04,2736.39,1.55,6.0
2024-11-05,2743.59,1.55,6.0
2024-11-06,2659.24,1.55,6.0
2024-11-07,2706.99,1.55,6.0
2024-11-08,2683.77,1.55,6.0
2024-11-09,2683.77,1.55,6.0
2024-11-10,2683.77,1.55,6.0
2024-11-11,2620.2,1.55,6.0
2024-11-12,2597.27,1.55,6.0
2024-11-13,2573.78,1.55,6.0
2024-11-14,2566.19,1.55,6.0
2024-11-15,2561.24,1.55,6.0
2024-11-16,2561.24,1.55,6.0
2024-11-17,2561.24,1.55,6.0
2024-11-18,2612.2,1.55,6.0
2024-11-19,2631.68,1.55,6.0
2024-11-20,2650.05,1.55,6.0
2024-11-21,2669.69,1.55,6.0
2024-11-22,2712.55,1.55,6.0
2024-11-23,2712.55,1.55,6.0
2024-11-24,2712.55,1.55,6.0
2024-11-25,2625.26,1.55,6.0
2024-11-26,2631.89,1.55,6.0
2024-11-27,2635.51,1.55,6.0
2024-11-28,2640.96,1.55,6.0
2024-11-29,2653.55,1.55,6.0
2024-11-30,2653.55,1.55,6.0
2024-12-01,2653.55,1.57,6.0
2024-12-02,2638.93,1.57,6.0
2024-12-03,2643.44,1.57,6.0
2024-12-04,2649.79,1.57,6.0
2024-12-05,2632.05,1.57,6.0
2024-12-06,2632.91,1.57,6.0
2024-12-07,2632.91,1.57,6.0
2024-12-08,2632.91,1.57,6.0
2024-12-09,2658.78,1.57,6.0
2024-12-10,2693.64,1.57,6.0
2024-12-11,2717.93,1.57,6.0
2024-12-12,2681.33,1.57,6.0
2024-12-13,2648.39,1.57,6.0
2024-12-14,2648.39,1.57,6.0
2024-12-15,2648.39,1.57,6.0
2024-12-16,2652.5,1.57,6.0
2024-12-17,2645.54,1.57,6.0
2024-12-18,2587.63,1.57,6.0
2024-12-19,2593.85,1.57,6.0
2024-12-20,2620.77,1.57,6.0
2024-12-21,2620.77,1.57,6.0
2024-12-22,2620.77,1.57,6.0
2024-12-23,2612.93,1.57,6.0
2024-12-24,2613.2,1.57,6.0
2024-12-25,2613.2,1.57,6.0
2024-12-26,2634.43,1.57,6.0
2024-12-27,2620.0,1.57,6.0
2024-12-28,2620.0,1.57,6.0
2024-12-29,2620.0,1.57,6.0
2024-12-30,2605.39,1.57,6.0
2024-12-31,2623.81,1.57,6.0
2025-01-01,2623.81,0.76,6.0
2025-01-02,2657.16,0.76,6.0
2025-01-03,2639.12,0.76,6.0
2025-01-04,2639.12,0.76,6.0
2025-01-05,2639.12,0.76,6.0
2025-01-06,2635.33,0.76,6.0
2025-01-07,2649.49,0.76,6.0
2025-01-08,2662.06,0.76,6.0
2025-01-09,2670.19,0.76,6.0
2025-01-10,2689.63,0.76,6.0
2025-01-11,2689.63,0.76,6.0
2025-01-12,2689.63,0.76,6.0
2025-01-13,2662.12,0.76,6.0
2025-01-14,2677.16,0.76,6.0
2025-01-15,2695.82,0.76,5.75
2025-01-16,2713.77,0.76,5.75
2025-01-17,2701.55,0.76,5.75
2025-01-18,2701.55,0.76,5.75
2025-01-19,2701.55,0.76,5.75
2025-01-20,2708.06,0.76,5.75
2025-01-21,2744.39,0.76,5.75
2025-01-22,2755.02,0.76,5.75
2025-01-23,2753.69,0.76,5.75
2025-01-24,2771.3,0.76,5.75
2025-01-25,2771.3,0.76,5.75
2025-01-26,2771.3,0.76,5.75
2025-01-27,2741.1,0.76,5.75
2025-01-28,2763.11,0.76,5.75
2025-01-29,2757.71,0.76,5.75
2025-01-30,2793.88,0.76,5.75
2025-01-31,2801.0,0.76,5.75
2025-02-01,2801.0,-0.09,5.75
2025-02-02,2801.0,-0.09,5.75
2025-02-03,2813.49,-0.09,5.75
2025-02-04,2841.94,-0.09,5.75
2025-02-05,2865.09,-0.09,5.75
2025-02-06,2856.5,-0.09,5.75
2025-02-07,2860.39,-0.09,5.75
2025-02-08,2860.39,-0.09,5.75
2025-02-09,2860.39,-0.09,5.75
2025-02-10,2907.34,-0.09,5.75
2025-02-11,2898.34,-0.09,5.75
2025-02-12,2903.66,-0.09,5.75
2025-02-13,2929.03,-0.09,5.75
2025-02-14,2883.18,-0.09,5.75
2025-02-15,2883.18,-0.09,5.75
2025-02-16,2883.18,-0.09,5.75
2025-02-17,2897.66,-0.09,5.75
2025-02-18,2935.58,-0.09,5.75
2025-02-19,2932.64,-0.09,5.75
2025-02-20,2938.7,-0.09,5.75
2025-02-21,2936.03,-0.09,5.75
2025-02-22,2936.03,-0.09,5.75
2025-02-23,2936.03,-0.09,5.75
2025-02-24,2951.19,-0.09,5.75
2025-02-25,2915.12,-0.09,5.75
2025-02-26,2916.19,-0.09,5.75
2025-02-27,2876.19,-0.09,5.75
2025-02-28,2858.6,-0.09,5.75
2025-03-01,2858.6,1.03,5.75
2025-03-02,2858.6,1.03,5.75
2025-03-03,2893.71,1.03,5.75
2025-03-04,2917.49,1.03,5.75
2025-03-05,2918.84,1.03,5.75
2025-03-06,2909.99,1.03,5.75
2025-03-07,2910.79,1.03,5.75
2025-03-08,2910.79,1.03,5.75
2025-03-09,2910.79,1.03,5.75
2025-03-10,2889.4,1.03,5.75
2025-03-11,2916.04,1.03,5.75
2025-03-12,2932.06,1.03,5.75
2025-03-13,2987.75,1.03,5.75
2025-03-14,2984.42,1.03,5.75
2025-03-15,2984.42,1.03,5.75
2025-03-16,2984.42,1.03,5.75
2025-03-17,3001.47,1.03,5.75
2025-03-18,3033.95,1.03,5.75
2025-03-19,3047.18,1.03,5.75
2025-03-20,3044.41,1.03,5.75
2025-03-21,3023.63,1.03,5.75
2025-03-22,3023.63,1.03,5.75
2025-03-23,3023.63,1.03,5.75
2025-03-24,3012.27,1.03,5.75
2025-03-25,3019.85,1.03,5.75
2025-03-26,3019.29,1.03,5.75
2025-03-27,3056.1,1.03,5.75
2025-03-28,3084.03,1.03,5.75
2025-03-29,3084.03,1.03,5.75
2025-03-30,3084.03,1.03,5.75
2025-03-31,3123.05,1.03,5.75
2025-04-01,3110.55,1.95,5.75
2025-04-02,3133.57,1.95,5.75
2025-04-03,3112.83,1.95,5.75
2025-04-04,3037.36,1.95,5.75
2025-04-05,3037.36,1.95,5.75
2025-04-06,3037.36,1.95,5.75
2025-04-07,2982.54,1.95,5.75
2025-04-08,2983.78,1.95,5.75
2025-04-09,3082.18,1.95,5.75
2025-04-10,3173.92,1.95,5.75
2025-04-11,3236.21,1.95,5.75
2025-04-12,3236.21,1.95,5.75
2025-04-13,3236.21,1.95,5.75
2025-04-14,3209.28,1.95,5.75
2025-04-15,3227.6,1.95,5.75
2025-04-16,3343.22,1.95,5.75
2025-04-17,3327.54,1.95,5.75
2025-04-18,3327.54,1.95,5.75
2025-04-19,3327.54,1.95,5.75
2025-04-20,3327.54,1.95,5.75
2025-04-21,3424.3,1.95,5.75
2025-04-22,3382.54,1.95,5.75
2025-04-23,3288.26,1.95,5.75
2025-04-24,3349.1,1.95,5.75
2025-04-25,3319.45,1.95,5.75
2025-04-26,3319.45,1.95,5.75
2025-04-27,3319.45,1.95,5.75
2025-04-28,3341.67,1.95,5.75
2025-04-29,3317.18,1.95,5.75
2025-04-30,3288.59,1.95,5.75
2025-05-01,3241.0,1.6,5.75
2025-05-02,3240.88,1.6,5.75
2025-05-03,3240.88,1.6,5.75
2025-05-04,3240.88,1.6,5.75
2025-05-05,3334.5,1.6,5.75
2025-05-06,3430.21,1.6,5.75
2025-05-07,3365.21,1.6,5.75
2025-05-08,3305.52,1.6,5.75
2025-05-09,3324.63,1.6,5.75
2025-05-10,3324.63,1.6,5.75
2025-05-11,3324.63,1.6,5.75
2025-05-12,3234.7,1.6,5.75
2025-05-13,3248.47,1.6,5.75
2025-05-14,3178.75,1.6,5.75
2025-05-15,3240.87,1.6,5.75
2025-05-16,3202.77,1.6,5.75
2025-05-17,3202.77,1.6,5.75
2025-05-18,3202.77,1.6,5.75
2025-05-19,3229.85,1.6,5.75
2025-05-20,3290.12,1.6,5.75
2025-05-21,3314.99,1.6,5.5
2025-05-22,3295.0,1.6,5.5
2025-05-23,3357.42,1.6,5.5
2025-05-24,3357.42,1.6,5.5
2025-05-25,3357.42,1.6,5.5
2025-05-26,3342.94,1.6,5.5
2025-05-27,3300.68,1.6,5.5
2025-05-28,3289.76,1.6,5.5
2025-05-29,3317.02,1.6,5.5
2025-05-30,3289.4,1.6,5.5
2025-05-31,3289.4,1.6,5.5
2025-06-01,3289.4,1.87,5.5
2025-06-02,3380.21,1.87,5.5
2025-06-03,3352.25,1.87,5.5
2025-06-04,3376.54,1.87,5.5
2025-06-05,3354.16,1.87,5.5
2025-06-06,3310.17,1.87,5.5
2025-06-07,3310.17,1.87,5.5
2025-06-08,3310.17,1.87,5.5
2025-06-09,3328.33,1.87,5.5
2025-06-10,3323.02,1.87,5.5
2025-06-11,3353.84,1.87,5.5
2025-06-12,3385.29,1.87,5.5
2025-06-13,3432.64,1.87,5.5
2025-06-14,3432.64,1.87,5.5
2025-06-15,3432.64,1.87,5.5
2025-06-16,3383.2,1.87,5.5
2025-06-17,3388.74,1.87,5.5
2025-06-18,3369.09,1.87,5.5
2025-06-19,3370.75,1.87,5.5
2025-06-20,3368.23,1.87,5.5
2025-06-21,3368.23,1.87,5.5
2025-06-22,3368.23,1.87,5.5
2025-06-23,3368.88,1.87,5.5
2025-06-24,3324.2,1.87,5.5
2025-06-25,3332.46,1.87,5.5
2025-06-26,3328.06,1.87,5.5
2025-06-27,3274.25,1.87,5.5
2025-06-28,3274.25,1.87,5.5
2025-06-29,3274.25,1.87,5.5
2025-06-30,3303.69,1.87,5.5
2025-07-01,3339.21,2.37,5.5
2025-07-02,3357.36,2.37,5.5
2025-07-03,3326.57,2.37,5.5
2025-07-04,3336.64,2.37,5.5
2025-07-05,3336.64,2.37,5.5
2025-07-06,3336.64,2.37,5.5
2025-07-07,3335.61,2.37,5.5
2025-07-08,3300.7,2.37,5.5
2025-07-09,3313.72,2.37,5.5
2025-07-10,3323.07,2.37,5.5
2025-07-11,3355.91,2.37,5.5
2025-07-12,3355.91,2.37,5.5
2025-07-13,3355.91,2.37,5.5
2025-07-14,3343.8,2.37,5.5
2025-07-15,3322.63,2.37,5.5
2025-07-16,3346.58,2.37,5.25
2025-07-17,3338.95,2.37,5.25
2025-07-18,3350.4,2.37,5.25
2025-07-19,3350.4,2.37,5.25
2025-07-20,3350.4,2.37,5.25
2025-07-21,3395.8,2.37,5.25
2025-07-22,3431.5,2.37,5.25
2025-07-23,3387.78,2.37,5.25
2025-07-24,3368.15,2.37,5.25
2025-07-25,3337.18,2.37,5.25
2025-07-26,3337.18,2.37,5.25
2025-07-27,3337.18,2.37,5.25
2025-07-28,3314.64,2.37,5.25
2025-07-29,3326.84,2.37,5.25
2025-07-30,3275.25,2.37,5.25
2025-07-31,3290.32,2.37,5.25
2025-08-01,3362.88,2.31,5.25
2025-08-02,3362.88,2.31,5.25
2025-08-03,3362.88,2.31,5.25
2025-08-04,3373.37,2.31,5.25
2025-08-05,3381.27,2.31,5.25
2025-08-06,3369.04,2.31,5.25
2025-08-07,3397.31,2.31,5.25
2025-08-08,3398.78,2.31,5.25
2025-08-09,3398.78,2.31,5.25
2025-08-10,3398.78,2.31,5.25
2025-08-11,3344.83,2.31,5.25
2025-08-12,3346.2,2.31,5.25
2025-08-13,3354.73,2.31,5.25
2025-08-14,3336.5,2.31,5.25
2025-08-15,3335.39,2.31,5.25
2025-08-16,3335.39,2.31,5.25
2025-08-17,3335.39,2.31,5.25
2025-08-18,3330.55,2.31,5.25
2025-08-19,3315.46,2.31,5.25
2025-08-20,3347.11,2.31,5.0
2025-08-21,3338.81,2.31,5.0
2025-08-22,3372.11,2.31,5.0
2025-08-23,3372.11,2.31,5.0
2025-08-24,3372.11,2.31,5.0
2025-08-25,3366.79,2.31,5.0
2025-08-26,3392.88,2.31,5.0
2025-08-27,3397.42,2.31,5.0
2025-08-28,3417.2,2.31,5.0
2025-08-29,3448.0,2.31,5.0
2025-08-30,3448.0,2.31,5.0
2025-08-31,3448.0,2.31,5.0
2025-09-01,3476.47,2.65,5.0
2025-09-02,3533.73,2.65,5.0
2025-09-03,3559.43,2.65,5.0
2025-09-04,3546.17,2.65,5.0
2025-09-05,3586.81,2.65,5.0
2025-09-06,3586.81,2.65,5.0
2025-09-07,3586.81,2.65,5.0
2025-09-08,3635.84,2.65,5.0
2025-09-09,3626.48,2.65,5.0
2025-09-10,3640.74,2.65,5.0
2025-09-11,3634.09,2.65,5.0
2025-09-12,3643.13,2.65,5.0
2025-09-13,3643.13,2.65,5.0
2025-09-14,3643.13,2.65,5.0
2025-09-15,3679.13,2.65,5.0
2025-09-16,3689.8,2.65,5.0
2025-09-17,3660.04,2.65,4.75
2025-09-18,3644.36,2.65,4.75
2025-09-19,3684.98,2.65,4.75
2025-09-20,3684.98,2.65,4.75
2025-09-21,3684.98,2.65,4.75
2025-09-22,3746.47,2.65,4.75
2025-09-23,3764.19,2.65,4.75
2025-09-24,3736.29,2.65,4.75
2025-09-25,3749.37,2.65,4.75
2025-09-26,3760.24,2.65,4.75
2025-09-27,3760.24,2.65,4.75
2025-09-28,3760.24,2.65,4.75
2025-09-29,3833.93,2.65,4.75
2025-09-30,3858.51,2.65,4.75
2025-10-01,3865.8,2.86,4.75
2025-10-02,3856.53,2.86,4.75
2025-10-03,3886.83,2.86,4.75
2025-10-04,3886.83,2.86,4.75
2025-10-05,3886.83,2.86,4.75
2025-10-06,3961.09,2.86,4.75
2025-10-07,3983.82,2.86,4.75
2025-10-08,4038.9,2.86,4.75
2025-10-09,3976.29,2.86,4.75
2025-10-10,4018.3,2.86,4.75
2025-10-11,4018.3,2.86,4.75
2025-10-12,4018.3,2.86,4.75
2025-10-13,4110.7,2.86,4.75
2025-10-14,4142.31,2.86,4.75
2025-10-15,4208.58,2.86,4.75
2025-10-16,4326.18,2.86,4.75
2025-10-17,4249.98,2.86,4.75
2025-10-18,4249.98,2.86,4.75
2025-10-19,4249.98,2.86,4.75
2025-10-20,4356.5,2.86,4.75
2025-10-21,4125.1,2.86,4.75
2025-10-22,4094.07,2.86,4.75
2025-10-23,4126.17,2.86,4.75
2025-10-24,4112.1,2.86,4.75
2025-10-25,4112.1,2.86,4.75
2025-10-26,4112.1,2.86,4.75
2025-10-27,3981.59,2.86,4.75
2025-10-28,3952.58,2.86,4.75
2025-10-29,3930.38,2.86,4.75
2025-10-30,4024.47,2.86,4.75
2025-10-31,4002.28,2.86,4.75
2025-11-01,4002.28,2.72,4.75
2025-11-02,4002.28,2.72,4.75
2025-11-03,4001.67,2.72,4.75
2025-11-04,3932.05,2.72,4.75
2025-11-05,3982.62,2.72,4.75
2025-11-06,3977.87,2.72,4.75
2025-11-07,3999.72,2.72,4.75
2025-11-08,3999.72,2.72,4.75
2025-11-09,3999.72,2.72,4.75
2025-11-10,4115.9,2.72,4.75
2025-11-11,4126.68,2.72,4.75
2025-11-12,4198.73,2.72,4.75
2025-11-13,4171.46,2.72,4.75
2025-11-14,4079.58,2.72,4.75
2025-11-15,4079.58,2.72,4.75
2025-11-16,4079.58,2.72,4.75
2025-11-17,4044.61,2.72,4.75
2025-11-18,4067.88,2.72,4.75
2025-11-19,4081.66,2.72,4.75
2025-11-20,4077.5,2.72,4.75
2025-11-21,4065.9,2.72,4.75
2025-11-22,4065.9,2.72,4.75
2025-11-23,4065.9,2.72,4.75
2025-11-24,4139.7,2.72,4.75
2025-11-25,4131.15,2.72,4.75
2025-11-26,4164.59,2.72,4.75
2025-11-27,4157.57,2.72,4.75
2025-11-28,4230.63,2.72,4.75
2025-11-29,4230.63,2.72,4.75
2025-11-30,4230.63,2.72,4.75
2025-12-01,4232.73,2.92,4.75
2025-12-02,4208.14,2.92,4.75
2025-12-03,4206.22,2.92,4.75
2025-12-04,4208.69,2.92,4.75
2025-12-05,4197.13,2.92,4.75
2025-12-06,4197.13,2.92,4.75
2025-12-07,4197.13,2.92,4.75
2025-12-08,4189.05,2.92,4.75
2025-12-09,4209.54,2.92,4.75
2025-12-10,4228.55,2.92,4.75
2025-12-11,4283.28,2.92,4.75
2025-12-12,4302.43,2.92,4.75
2025-12-13,4302.43,2.92,4.75
2025-12-14,4302.43,2.92,4.75
2025-12-15,4302.7,2.92,4.75
2025-12-16,4303.8,2.92,4.75
2025-12-17,4341.08,2.92,4.75
2025-12-18,4332.4,2.92,4.75
2025-12-19,4338.55,2.92,4.75
2025-12-20,4338.55,2.92,4.75
2025-12-21,4338.55,2.92,4.75
2025-12-22,4445.95,2.92,4.75
2025-12-23,4488.82,2.92,4.75
2025-12-24,4479.64,2.92,4.75
2025-12-25,4495.35,2.92,4.75
2025-12-26,4532.63,2.92,4.75
2025-12-27,4532.63,2.92,4.75
2025-12-28,4532.63,2.92,4.75
2025-12-29,4332.08,2.92,4.75
2025-12-30,4346.51,2.92,4.75
2025-12-31,4315.09,2.92,4.75
2026-01-01,4348.35,3.55,4.75
2026-01-02,4330.5,3.55,4.75
2026-01-03,4330.5,3.55,4.75
2026-01-04,4330.5,3.55,4.75
2026-01-05,4448.47,3.55,4.75
2026-01-06,4497.34,3.55,4.75
2026-01-07,4453.04,3.55,4.75
2026-01-08,4476.73,3.55,4.75
2026-01-09,4510.45,3.55,4.75
2026-01-10,4510.45,3.55,4.75
2026-01-11,4510.45,3.55,4.75
2026-01-12,4594.0,3.55,4.75
2026-01-13,4588.0,3.55,4.75
2026-01-14,4620.83,3.55,4.75
2026-01-15,4614.91,3.55,4.75
2026-01-16,4595.1,3.55,4.75
2026-01-17,4595.1,3.55,4.75
2026-01-18,4595.1,3.55,4.75
2026-01-19,4671.02,3.55,4.75
2026-01-20,4763.49,3.55,4.75
2026-01-21,4836.67,3.55,4.75
2026-01-22,4936.75,3.55,4.75
2026-01-23,4982.91,3.55,4.75
2026-01-24,4982.91,3.55,4.75
2026-01-25,4982.91,3.55,4.75
2026-01-26,5015.34,3.55,4.75
2026-01-27,5189.62,3.55,4.75
2026-01-28,5400.25,3.55,4.75
2026-01-29,5395.88,3.55,4.75
2026-01-30,4865.35,3.55,4.75
2026-01-31,4865.35,3.55,4.75
2026-02-01,4865.35,4.76,4.75
2026-02-02,4666.27,4.76,4.75
2026-02-03,4939.33,4.76,4.75
2026-02-04,4963.6,4.76,4.75
2026-02-05,4770.95,4.76,4.75
2026-02-06,4961.15,4.76,4.75
2026-02-07,4961.15,4.76,4.75
2026-02-08,4961.15,4.76,4.75
2026-02-09,5065.55,4.76,4.75
2026-02-10,5023.47,4.76,4.75
2026-02-11,5078.96,4.76,4.75
2026-02-12,4920.32,4.76,4.75
2026-02-13,5043.11,4.76,4.75
2026-02-14,5043.11,4.76,4.75
2026-02-15,5043.11,4.76,4.75
2026-02-16,4992.37,4.76,4.75
2026-02-17,4877.7,4.76,4.75
2026-02-18,4979.45,4.76,4.75
2026-02-19,4999.35,4.76,4.75
2026-02-20,5104.34,4.76,4.75
